StartDate,EndDate,Status,IPAddress,Progress,Duration (in seconds),Finished,RecordedDate,ResponseId,RecipientLastName,RecipientFirstName,RecipientEmail,ExternalReference,LocationLatitude,LocationLongitude,DistributionChannel,UserLanguage,Q152_First Click,Q152_Last Click,Q152_Page Submit,Q152_Click Count,Q3,Q153_First Click,Q153_Last Click,Q153_Page Submit,Q153_Click Count,Q154_First Click,Q154_Last Click,Q154_Page Submit,Q154_Click Count,Q252_1,Q252_2,Q252_3,Q253_1,Q253_2,Q253_3,Q255_1,Q255_2,Q255_3,Q256_1,Q256_2,Q256_3,Q257_2,Q257_3,Q257_4,Q258_1,Q258_2,Q258_3,Q156_First Click,Q156_Last Click,Q156_Page Submit,Q156_Click Count,MTurk_ID,Age,Gender,Gender_4_TEXT,Zip_Code,Q129,Ed_Level,Ed_Level_Mom,Q165,Q166,Q158_First Click,Q158_Last Click,Q158_Page Submit,Q158_Click Count,health_stat_age_1,general_health_1,gen_anxiety_1,depression_1,Q159_First Click,Q159_Last Click,Q159_Page Submit,Q159_Click Count,Conserv_scale_1,Conserv_scale_2,Conserv_scale_3,Conserv_scale_4,Conserv_scale_5,Conserv_scale_6,Conserv_scale_7,Q160_First Click,Q160_Last Click,Q160_Page Submit,Q160_Click Count,Numeracy_1,Numeracy_2,Numeracy_3,Numeracy_4,Q124_1,Q125_1,Q126_1,Q127_1,Q161_First Click,Q161_Last Click,Q161_Page Submit,Q161_Click Count,Q122_1,Q122_2,Q122_3,Q122_4,Q122_5,Q122_6,Q122_7,Q162_First Click,Q162_Last Click,Q162_Page Submit,Q162_Click Count,know_someone,prob_of_contract_1,Q133_1,Q132_1,corona_news_1,corona_anxious_1,past_social_iso_1,futur_social_iso_1,Q167_1,Q168,Q163_First Click,Q163_Last Click,Q163_Page Submit,Q163_Click Count,Q177_First Click,Q177_Last Click,Q177_Page Submit,Q177_Click Count,news,income_down_1,essential_worker,optimism_1,trump_approval_1,Q164_First Click,Q164_Last Click,Q164_Page Submit,Q164_Click Count,Effort_1,Q41,Random ID
Start Date,End Date,Response Type,IP Address,Progress,Duration (in seconds),Finished,Recorded Date,Response ID,Recipient Last Name,Recipient First Name,Recipient Email,External Data Reference,Location Latitude,Location Longitude,Distribution Channel,User Language,Timing - First Click,Timing - Last Click,Timing - Page Submit,Timing - Click Count,Do you understand the information above and consent to participate in the experiment?,Timing - First Click,Timing - Last Click,Timing - Page Submit,Timing - Click Count,Timing - First Click,Timing - Last Click,Timing - Page Submit,Timing - Click Count,"Please indicate the total number confirmed cases you expect in the hypothetical country after this article was written (e.g., X cases after 3 days). - predicted number of confirmed cases in 3 days","Please indicate the total number confirmed cases you expect in the hypothetical country after this article was written (e.g., X cases after 3 days). - predicted number of confirmed cases in 6 days","Please indicate the total number confirmed cases you expect in the hypothetical country after this article was written (e.g., X cases after 3 days). - predicted number of confirmed cases in 9 days",How confident are you in the predictions you made above? - 3 days,How confident are you in the predictions you made above? - 6 days,How confident are you in the predictions you made above? - 9 days,"Please indicate the total number actual cases you expect in the hypothetical country after this article was written (e.g., X cases after 3 days). - predicted number of actual cases in 3 days","Please indicate the total number actual cases you expect in the hypothetical country after this article was written (e.g., X cases after 3 days). - predicted number of actual cases in 6 days","Please indicate the total number actual cases you expect in the hypothetical country after this article was written (e.g., X cases after 3 days). - predicted number of actual cases in 9 days",How confident are you in the predictions you made above? - 3 days,How confident are you in the predictions you made above? - 6 days,How confident are you in the predictions you made above? - 9 days,"Please indicate the total number deaths from COVID-19 you expect in the hypothetical country after this article was written (e.g., X deaths after 3 days) - predicted numbers of deaths in 3 days","Please indicate the total number deaths from COVID-19 you expect in the hypothetical country after this article was written (e.g., X deaths after 3 days) - predicted numbers of deaths in 6 days","Please indicate the total number deaths from COVID-19 you expect in the hypothetical country after this article was written (e.g., X deaths after 3 days) - predicted numbers of deaths in 9 days",How confident are you in the predictions you made above? - 3 days,How confident are you in the predictions you made above? - 6 days,How confident are you in the predictions you made above? - 9 days,Timing - First Click,Timing - Last Click,Timing - Page Submit,Timing - Click Count,MTurk Worker ID,Age,Gender - Selected Choice,Gender - Other - Text,Please enter your current zip code:,Who is the current president of the United States?,What is your highest level of education?,What is your mother's highest level of education?,At what age did you begin learning English?,What language do you use most often at home?,Timing - First Click,Timing - Last Click,Timing - Page Submit,Timing - Click Count,How would you compare your general health status compared to that of others your own age?,How would you rate your general health status?,"Over the last 2 weeks, how often have you been feeling nervous, anxious, or on edge?","Over the last 2 weeks, how often have you been feeling down, depressed, or hopeless?",Timing - First Click,Timing - Last Click,Timing - Page Submit,Timing - Click Count,"Please use the following scale to indicate the degree of your agreement or disagreement with each of the statements below. Try to describe your
attitudes accurately and generally. - I am politically more liberal than conservative.","Please use the following scale to indicate the degree of your agreement or disagreement with each of the statements below. Try to describe your
attitudes accurately and generally. - In any election, given a choice between a Republican and a Democratic candidate, I will select the Republican over the Democrat.","Please use the following scale to indicate the degree of your agreement or disagreement with each of the statements below. Try to describe your
attitudes accurately and generally. - Communism has been proven to be a failed political ideology.","Please use the following scale to indicate the degree of your agreement or disagreement with each of the statements below. Try to describe your
attitudes accurately and generally. - I cannot see myself ever voting to elect conservative candidates.","Please use the following scale to indicate the degree of your agreement or disagreement with each of the statements below. Try to describe your
attitudes accurately and generally. - The major national media are too left-wing for my taste.","Please use the following scale to indicate the degree of your agreement or disagreement with each of the statements below. Try to describe your
attitudes accurately and generally. - Socialism has many advantages over capitalism.","Please use the following scale to indicate the degree of your agreement or disagreement with each of the statements below. Try to describe your
attitudes accurately and generally. - On balance, I lean politically more to the left than to the right.",Timing - First Click,Timing - Last Click,Timing - Page Submit,Timing - Click Count,Rate the following on a scale of 1 (not at all good) to 6 (extremely good). - How good are you at working with fractions?,Rate the following on a scale of 1 (not at all good) to 6 (extremely good). - How good are you at working with percentages?,Rate the following on a scale of 1 (not at all good) to 6 (extremely good). - How good are you at calculating a 15% tip?,Rate the following on a scale of 1 (not at all good) to 6 (extremely good). - How good are you at figuring out how much a shirt will cost if it is 25% off?,"When reading the newspaper, how helpful do you find tables
and graphs that are parts of a story?","When people tell you the chance of something happening, do
you prefer that they use words (‘‘it rarely happens’’) or
numbers (‘‘there’s a 1% chance’’)?","When you hear a weather forecast, do you prefer predictions
using percentages (e.g., ‘‘there will be a 20% chance of rain
today’’) or predictions using only words (e.g., ‘‘there is a
small chance of rain today’’)?",How often do you find numerical information to be useful?,Timing - First Click,Timing - Last Click,Timing - Page Submit,Timing - Click Count,Please rate how much you agree with the following statements on a scale of 1 (Strongly Agree) to 7 (Strongly Disagree). - I do not feel comfortable about taking chances.,Please rate how much you agree with the following statements on a scale of 1 (Strongly Agree) to 7 (Strongly Disagree). - I prefer situations that have foreseeable outcomes.,"Please rate how much you agree with the following statements on a scale of 1 (Strongly Agree) to 7 (Strongly Disagree). - Before I make a decision, I like to be absolutely sure how things will turn out.",Please rate how much you agree with the following statements on a scale of 1 (Strongly Agree) to 7 (Strongly Disagree). - I avoid situations that have uncertain outcomes.,Please rate how much you agree with the following statements on a scale of 1 (Strongly Agree) to 7 (Strongly Disagree). - I feel comfortable improvising in new situations.,Please rate how much you agree with the following statements on a scale of 1 (Strongly Agree) to 7 (Strongly Disagree). - I feel nervous when I have to make decisions in uncertain situations.,"Please rate how much you agree with the following statements on a scale of 1 (Strongly Agree) to 7 (Strongly Disagree). - For this question, select 6",Timing - First Click,Timing - Last Click,Timing - Page Submit,Timing - Click Count,Do you personally know someone who has/had the novel coronavirus?,Estimate the probability that you will have contracted the illness within 9 days (0-100%),Estimate the probability that you will have been hospitalized because of the illness within 9 days (0-100%),Estimate the probability that you will have died from the illness within 9 days (0-100%),How closely have you been following the news on the coronavirus?,How anxious are you about the current virus situation?,How successful have you been in engaging in social isolation?,How successful will you be at engaging in social isolation in the next week?,Estimate how much time will pass before we can stop social distancing.,Estimate the maximum number of new cases/day that will be reported in the US.,Timing - First Click,Timing - Last Click,Timing - Page Submit,Timing - Click Count,Timing - First Click,Timing - Last Click,Timing - Page Submit,Timing - Click Count,Which of the following is your preferred news source?,To what extent has your household income decreased due to the coronavirus?,Are you an essential worker who will continue working during stay-at-home orders?,"How much do you agree with the following statement: ""Overall, I expect more good things to happen to me than bad""",Do you approve or disapprove of the way Donald Trump is handling his job as president?,Timing - First Click,Timing - Last Click,Timing - Page Submit,Timing - Click Count,"On a scale of 1 to 10, how much effort did you put into this study? (You will be compensated regardless of your response)","Thank you for participating in the study. 

Your MTurk Completion Code is: [Field-Random%20ID]

 

Copy this value to paste into MTurk. When you have copied this ID, please click the next button to submit your survey.",Random ID
"{""ImportId"":""startDate"",""timeZone"":""America/Denver""}","{""ImportId"":""endDate"",""timeZone"":""America/Denver""}","{""ImportId"":""status""}","{""ImportId"":""ipAddress""}","{""ImportId"":""progress""}","{""ImportId"":""duration""}","{""ImportId"":""finished""}","{""ImportId"":""recordedDate"",""timeZone"":""America/Denver""}","{""ImportId"":""_recordId""}","{""ImportId"":""recipientLastName""}","{""ImportId"":""recipientFirstName""}","{""ImportId"":""recipientEmail""}","{""ImportId"":""externalDataReference""}","{""ImportId"":""locationLatitude""}","{""ImportId"":""locationLongitude""}","{""ImportId"":""distributionChannel""}","{""ImportId"":""userLanguage""}","{""ImportId"":""QID268_FIRST_CLICK""}","{""ImportId"":""QID268_LAST_CLICK""}","{""ImportId"":""QID268_PAGE_SUBMIT""}","{""ImportId"":""QID268_CLICK_COUNT""}","{""ImportId"":""QID28""}","{""ImportId"":""QID269_FIRST_CLICK""}","{""ImportId"":""QID269_LAST_CLICK""}","{""ImportId"":""QID269_PAGE_SUBMIT""}","{""ImportId"":""QID269_CLICK_COUNT""}","{""ImportId"":""QID270_FIRST_CLICK""}","{""ImportId"":""QID270_LAST_CLICK""}","{""ImportId"":""QID270_PAGE_SUBMIT""}","{""ImportId"":""QID270_CLICK_COUNT""}","{""ImportId"":""QID252_1""}","{""ImportId"":""QID252_2""}","{""ImportId"":""QID252_3""}","{""ImportId"":""QID253_1""}","{""ImportId"":""QID253_2""}","{""ImportId"":""QID253_3""}","{""ImportId"":""QID255_1""}","{""ImportId"":""QID255_2""}","{""ImportId"":""QID255_3""}","{""ImportId"":""QID256_1""}","{""ImportId"":""QID256_2""}","{""ImportId"":""QID256_3""}","{""ImportId"":""QID257_2""}","{""ImportId"":""QID257_3""}","{""ImportId"":""QID257_4""}","{""ImportId"":""QID258_1""}","{""ImportId"":""QID258_2""}","{""ImportId"":""QID258_3""}","{""ImportId"":""QID272_FIRST_CLICK""}","{""ImportId"":""QID272_LAST_CLICK""}","{""ImportId"":""QID272_PAGE_SUBMIT""}","{""ImportId"":""QID272_CLICK_COUNT""}","{""ImportId"":""QID95_TEXT""}","{""ImportId"":""QID44_TEXT""}","{""ImportId"":""QID45""}","{""ImportId"":""QID45_4_TEXT""}","{""ImportId"":""QID217_TEXT""}","{""ImportId"":""QID245_TEXT""}","{""ImportId"":""QID46""}","{""ImportId"":""QID227""}","{""ImportId"":""QID281_TEXT""}","{""ImportId"":""QID282_TEXT""}","{""ImportId"":""QID274_FIRST_CLICK""}","{""ImportId"":""QID274_LAST_CLICK""}","{""ImportId"":""QID274_PAGE_SUBMIT""}","{""ImportId"":""QID274_CLICK_COUNT""}","{""ImportId"":""QID221_1""}","{""ImportId"":""QID219_2""}","{""ImportId"":""QID229_1""}","{""ImportId"":""QID230_1""}","{""ImportId"":""QID275_FIRST_CLICK""}","{""ImportId"":""QID275_LAST_CLICK""}","{""ImportId"":""QID275_PAGE_SUBMIT""}","{""ImportId"":""QID275_CLICK_COUNT""}","{""ImportId"":""QID210_1""}","{""ImportId"":""QID210_4""}","{""ImportId"":""QID210_5""}","{""ImportId"":""QID210_6""}","{""ImportId"":""QID210_7""}","{""ImportId"":""QID210_12""}","{""ImportId"":""QID210_13""}","{""ImportId"":""QID276_FIRST_CLICK""}","{""ImportId"":""QID276_LAST_CLICK""}","{""ImportId"":""QID276_PAGE_SUBMIT""}","{""ImportId"":""QID276_CLICK_COUNT""}","{""ImportId"":""QID239_1""}","{""ImportId"":""QID239_2""}","{""ImportId"":""QID239_3""}","{""ImportId"":""QID239_4""}","{""ImportId"":""QID240_1""}","{""ImportId"":""QID241_1""}","{""ImportId"":""QID242_1""}","{""ImportId"":""QID243_1""}","{""ImportId"":""QID277_FIRST_CLICK""}","{""ImportId"":""QID277_LAST_CLICK""}","{""ImportId"":""QID277_PAGE_SUBMIT""}","{""ImportId"":""QID277_CLICK_COUNT""}","{""ImportId"":""QID238_1""}","{""ImportId"":""QID238_2""}","{""ImportId"":""QID238_3""}","{""ImportId"":""QID238_4""}","{""ImportId"":""QID238_5""}","{""ImportId"":""QID238_6""}","{""ImportId"":""QID238_8""}","{""ImportId"":""QID278_FIRST_CLICK""}","{""ImportId"":""QID278_LAST_CLICK""}","{""ImportId"":""QID278_PAGE_SUBMIT""}","{""ImportId"":""QID278_CLICK_COUNT""}","{""ImportId"":""QID223""}","{""ImportId"":""QID222_1""}","{""ImportId"":""QID249_1""}","{""ImportId"":""QID248_1""}","{""ImportId"":""QID231_1""}","{""ImportId"":""QID232_1""}","{""ImportId"":""QID233_1""}","{""ImportId"":""QID235_1""}","{""ImportId"":""QID283_1""}","{""ImportId"":""QID284_TEXT""}","{""ImportId"":""QID279_FIRST_CLICK""}","{""ImportId"":""QID279_LAST_CLICK""}","{""ImportId"":""QID279_PAGE_SUBMIT""}","{""ImportId"":""QID279_CLICK_COUNT""}","{""ImportId"":""QID293_FIRST_CLICK""}","{""ImportId"":""QID293_LAST_CLICK""}","{""ImportId"":""QID293_PAGE_SUBMIT""}","{""ImportId"":""QID293_CLICK_COUNT""}","{""ImportId"":""QID286""}","{""ImportId"":""QID289_1""}","{""ImportId"":""QID290""}","{""ImportId"":""QID291_1""}","{""ImportId"":""QID292_1""}","{""ImportId"":""QID280_FIRST_CLICK""}","{""ImportId"":""QID280_LAST_CLICK""}","{""ImportId"":""QID280_PAGE_SUBMIT""}","{""ImportId"":""QID280_CLICK_COUNT""}","{""ImportId"":""QID15_1""}","{""ImportId"":""QID91""}","{""ImportId"":""Random ID""}"
2020-04-24 15:25:14,2020-04-24 15:30:34,0,192.200.158.101,100,319,1,2020-04-24 15:30:34,R_rcpBLm6nsuMe5NL,,,,,33.4412994384765625,-112.0420989990234375,anonymous,EN,0,0,13.218,0,1,1.715,1.715,2.822,1,3.063,3.063,5.808,1,400000,410000,420000,98,94,94,400000,410000,420000,99,96,96,45000,46000,47000,96,95,97,3.312,84.411,85.551,23,A39N2R47D03TZD,35,2,,85034,Donald Trump,6,5,2,English,5.368,31.864,36.363,11,1,1,1,1,2.938,8.426,9.207,4,-2,-2,-2,-2,1,1,2,1.661,11.729,14.333,14,4,4,1,4,5,5,5,5,6.768,13.672,14.916,2,5,3,8,5,4,3,6,6.39,6.39,7.314,1,2,6,9,9,96,73,9,94,7,100000,2.398,55.447,68.1,26,1.287,23.824,24.781,11,12,11,1,4,3,1.205,2.605,3.512,3,10,1,7532
2020-04-24 15:26:02,2020-04-24 15:35:08,0,100.2.234.104,100,546,1,2020-04-24 15:35:09,R_2PvZZGUj9mNwPoU,,,,,40.6208038330078125,-74.0426025390625,anonymous,EN,0,0,10.285,0,1,1.06,1.654,2.294,2,0,0,1.397,0,450000,600000,780000,78,56,38,450000,550000,620000,67,52,50,14500,17000,23000,74,64,59,18.067,130.815,131.46,36,A1UTBDKOQ2MKUD,29,2,,11209,Donald Trump,5,5,0,English,4.816,26.794,29.395,10,2,2,3,2,1.965,17.417,18.24,6,-1,3,-2,-2,2,0,-2,4.441,43.849,45.441,9,5,5,5,4,5,5,2,5,2.924,20.018,21.048,17,3,5,5,3,5,3,6,1.351,115.675,117.252,21,1,52,18,9,87,59,23,25,7,5000,10.652,86.408,87.037,22,2.413,60.158,60.748,32,12,10,2,4,2,5.796,6.554,7.213,2,10,1,6843
2020-04-24 15:29:42,2020-04-24 15:36:21,0,173.168.205.155,100,398,1,2020-04-24 15:36:21,R_9XYRqH1oDznuz4d,,,,,27.9589996337890625,-82.49379730224609375,anonymous,EN,0,0,20.125,0,1,1.067,3.703,4.752,2,0,0,3.827,0,500000,100000,150000,78,69,49,750000,1500000,2000000,63,50,36,26000,60000,100000,76,65,56,0.679,97.637,98.699,19,A1JRP31XJIU7NV,33,2,,33607,Trump,5,5,0,English,1.319,23.717,26.479,19,3,2,2,1,5.137,12.824,13.872,7,-4,4,4,-4,3,-4,-4,7.535,39.584,40.678,10,1,1,1,5,5,5,3,5,2.807,47.534,48.445,12,6,2,2,5,3,3,6,2.102,23.401,24.415,12,1,5,3,0,59,14,100,100,6,250000,2.568,39.992,40.952,19,3.103,14.231,15.41,9,10,0,2,1,1,1.548,1.548,2.603,1,10,1,4933
2020-04-24 15:31:25,2020-04-24 15:37:47,0,24.178.44.124,100,381,1,2020-04-24 15:37:48,R_1rN7IoS3vqXrA2O,,,,,42.5619964599609375,-89.08599853515625,anonymous,EN,0,0,3.569,0,1,2.711,2.711,3.79,1,0,0,6.721,0,170000,250000,400000,61,49,36,510000,800000,1200000,71,51,34,16000,24000,65000,81,68,57,34.776,147.489,149.717,26,A2LMM3Y4MYE97S,57,2,,53511,Donald Trump,3,2,1,English,5.077,28.623,34.339,9,2,2,1,1,4.256,13.576,14.767,4,-3,4,-4,4,3,-4,-4,6.077,26.167,27.773,7,2,3,6,5,6,6,1,6,3.8,30.459,31.38,9,5,6,6,6,3,5,6,6.104,19.385,20.78,7,2,5,1,0,100,75,100,100,4,10000,1.839,39.621,48.258,11,4.555,17.182,18.003,5,10,10,2,4,1,2.707,2.707,3.89,1,10,1,1127
2020-04-24 15:33:17,2020-04-24 15:41:02,0,45.4.197.141,100,464,1,2020-04-24 15:41:02,R_2UbzzXwPr8DdSCJ,,,,,40.75030517578125,-74.00140380859375,anonymous,EN,0,0,25.271,0,1,3.426,3.426,5.007,1,0,0,2.424,0,150000,20000,100000,73,61,58,20000,10000,5000,67,63,64,20000,1000,3500,61,70,66,11.966,100.219,101.794,22,AFA888ME14ICF,30,2,,10001,Dona Trump,6,4,4,English,2.143,78.783,93.095,12,4,3,2,3,2.568,18.549,19.676,7,0,1,2,0,1,1,1,8.869,59.274,61.164,21,4,5,5,5,5,4,5,5,6.578,18.517,19.906,10,4,5,6,8,6,5,6,2.893,14.219,19.492,7,1,66,63,81,87,64,56,71,4,10000,2.812,46.543,57.279,21,3.315,16.834,18.334,8,12,63,1,2,3,7.486,7.486,8.691,1,8,1,7749
2020-04-24 15:26:50,2020-04-24 15:41:11,0,97.118.16.32,100,860,1,2020-04-24 15:41:11,R_ZIcZ6SCC08XHpzX,,,,,39.7501068115234375,-104.995697021484375,anonymous,EN,0,0,12.034,0,1,20.232,20.232,21.138,1,0,0,236.236,0,425000,590000,650000,78,67,82,525000,705000,890000,77,68,69,14500,15900,17250,56,69,49,63.153,204.918,206.743,16,A3LVO816U4WEEG,28,1,,80212,Donald trump,5,3,1,English,5.898,57.097,62.826,11,3,2,2,3,14.273,30.865,32.952,4,2,2,1,1,2,1,2,25,49.371,50.89,10,4,5,3,4,5,5,3,4,4.542,56.942,57.636,9,6,5,2,5,3,5,6,5.916,27.02,28.3,7,1,65,33,24,79,43,56,71,5,1500,4.5,61.427,66.53,12,4.332,47.051,47.954,8,12,70,1,3,2,11.357,11.357,14.65,1,9,1,9492
2020-04-24 15:27:03,2020-04-24 15:41:45,0,45.56.174.164,100,881,1,2020-04-24 15:41:45,R_2SpF96Jxx2rDBfy,,,,,37.751007080078125,-97.82199859619140625,anonymous,EN,0,0,60.679,0,1,78.555,78.555,80.087,1,0,0,13.619,0,500000,650000,800000,70,81,85,50000,70000,90000,60,65,50,13000,13500,14500,69,61,55,135.505,305.486,307.361,20,A368TMSNZC258J,31,1,,70113,Donald Trump,5,6,1 year,English,7.971,58.419,66.512,10,1,1,3,3,5.779,22.53,23.397,6,-3,4,-3,-1,1,-3,2,13.475,62.719,66.101,8,5,5,5,4,5,5,2,6,7.068,55.421,56.301,10,2,1,1,1,1,6,6,7.645,33.397,34.284,8,2,5,5,2,100,100,100,100,6,1000000,3.508,56.356,68.719,10,12.138,37.69,38.939,5,6,70,2,5,3,5.286,5.286,6.147,1,8,1,5639
2020-04-24 15:33:12,2020-04-24 15:44:09,0,73.91.220.87,100,657,1,2020-04-24 15:44:10,R_9GHtXSDYmPZHtqp,,,,,32.304595947265625,-89.96219635009765625,anonymous,EN,0,0,4.955,0,1,2.566,2.566,3.727,1,0,0,9.753,0,500000,750000,1000000,11,12,9,750000,1000000,1250000,8,7,7,15000,18000,22000,10,9,8,97.993,277.57,278.768,24,A2X4VVIXBI0HFP,57,1,,39042,Trump,3,5,0,English,15.611,60.275,66.594,11,3,3,1,1,4.826,17.92,19.841,5,-2,3,1,1,2,1,-2,33.547,64.386,66.006,8,2,2,6,6,4,1,1,5,4.653,34.722,35.54,9,3,4,4,4,4,3,6,5.5,37.903,39.512,8,2,31,2,1,72,72,98,99,4,200000,3.15,54.068,56.88,11,3.05,36.475,38.29,8,1,48,2,4,1,4.564,4.564,5.667,1,10,1,9991
2020-04-24 15:28:26,2020-04-24 15:44:12,0,199.116.118.223,100,946,1,2020-04-24 15:44:13,R_2z6kN5qzKandXuu,,,,,37.3881072998046875,-121.8755950927734375,anonymous,EN,39.474,39.474,58.225,1,1,6.376,8.456,9.394,3,0,0,11.305,0,401242,408111,410020,75,84,76,399543,401300,404350,75,74,72,12803,13603,14040,75,79,77,35.269,258.05,258.891,39,A2JCX1QC4PQLKN,35,2,,90201,Donald Trump,5,5,3,english,9.18,79.334,80.697,18,2,2,3,3,25.741,49.583,50.355,7,1,1,-2,-2,-1,1,1,52.036,152.067,152.923,33,5,5,5,5,4,2,5,5,22.977,65.437,66.001,21,4,5,5,5,6,5,6,4.222,44.18,45.15,17,2,15,16,4,83,74,52,56,6,2054,4.382,69.524,70.514,36,3.688,42.498,43.584,14,12,40,1,5,3,4.514,4.514,10.796,1,10,1,5240
2020-04-24 15:36:16,2020-04-24 15:46:04,0,165.231.210.20,100,588,1,2020-04-24 15:46:04,R_3RrWYAhwBPAOXm4,,,,,32.776702880859375,-96.80500030517578125,anonymous,EN,0,0,17.12,0,1,5.044,5.044,6.604,1,0,0,11.408,0,12,24,48,40,53,70,45,355,3244,52,62,48,23,45,123,60,56,72,34.134,154.936,158.631,24,A3L7UGUUHMOVZ,52,2,,33233,donald trump,4,3,2,english,2.306,82.627,92.648,10,4,2,2,2,3.497,11.032,12.398,4,2,2,2,3,3,2,3,2.6,21.379,41.658,14,5,4,5,6,5,5,5,6,3.218,34.228,35.76,8,8,6,6,6,8,5,6,3.561,11.269,15.166,7,2,70,61,71,82,60,72,67,5,"27,869",6.734,63.046,75.298,12,2.387,17.969,19.276,5,12,81,1,4,3,6.833,6.833,27.325,1,8,1,2297
2020-04-24 15:36:56,2020-04-24 15:46:56,0,72.209.152.99,100,599,1,2020-04-24 15:46:56,R_1BQsd3EXXlUGHMY,,,,,39.127105712890625,-95.638397216796875,anonymous,EN,0,0,55.368,0,1,6.377,6.377,7.128,1,0,0,2.659,0,1301,9197,68211,32,51,82,1301,9197,68211,24,40,53,150,5102,12692,28,47,61,5.358,248.819,249.858,17,A1QS9XMNC5TGML,28,1,,89142,donald trump,5,5,2,English,6.606,64.123,71.221,12,5,4,2,4,8.522,10.813,12.295,3,2,1,3,1,2,3,2,3.948,13.664,15.162,7,4,4,5,5,5,5,6,5,0,0,12.535,0,5,5,6,8,5,8,6,6.399,10.3,15.796,5,2,54,76,47,74,43,60,32,6,91000,3.806,114.803,115.563,13,2.032,10.476,12.159,9,12,77,1,4,3,2.041,3.145,3.349,4,8,1,8983
2020-04-24 15:35:32,2020-04-24 15:47:03,0,73.223.253.108,100,691,1,2020-04-24 15:47:04,R_2Yy2vd2aKzbuxHD,,,,,37.8567047119140625,-122.0218048095703125,anonymous,EN,0,0,2.782,0,1,1.438,1.438,2.122,1,1.73,1.73,26.723,1,419000,470000,550000,70,70,70,420000,490000,550000,73,76,72,14000,15000,17000,64,72,69,12.241,104.238,105.339,21,AT60ESWGVSAG9,31,2,,94596,Donald Trump,6,6,1,English,1.031,5.957,26.301,5,1,1,2,1,1.507,7.267,9.09,9,1,-1,-3,-3,1,-2,3,2.176,18.125,19.192,15,5,4,5,5,4,5,3,4,0.917,6.62,7.785,8,5,5,4,5,5,4,6,1.064,8.114,16.106,13,1,65,51,78,72,28,66,65,5,30000,1.736,174.837,184.123,24,1.489,11.935,13.95,7,12,71,1,4,1,3.184,3.184,4.301,1,10,1,5882
2020-04-24 15:31:40,2020-04-24 15:47:11,0,45.4.199.161,100,930,1,2020-04-24 15:47:11,R_1QEkh81hby1IsxW,,,,,40.75030517578125,-74.00140380859375,anonymous,EN,15.308,29.608,31.1,2,1,5.525,5.525,6.63,1,0,0,2.373,0,10000,15000,20000,53,53,63,100000,200000,1000,46,82,56,500000,10000,2000,46,75,92,577.365,655.125,656.025,11,A1CSCD4EOGH7U6,30,2,,10001,Donald Trump,6,4,4,English,2.049,78.632,101.474,8,3,3,2,2,4.598,10.59,12.177,5,-2,1,0,1,0,-1,-1,2.581,19.805,20.887,12,4,4,5,5,5,6,5,4,1.663,13.694,15.057,10,4,5,6,5,5,6,6,4.185,9.194,10.878,8,1,54,36,55,47,66,52,62,6,1000,1.223,21.518,34.784,11,1.836,11.468,12.662,7,12,74,1,4,4,1.735,1.735,3.065,1,7,1,7203
2020-04-24 15:34:12,2020-04-24 15:48:33,0,35.133.144.101,100,861,1,2020-04-24 15:48:34,R_71Dov92pmWWzvYB,,,,,34.7234039306640625,-82.4651031494140625,anonymous,EN,0,0,22.755,0,1,480.983,480.983,482.002,1,0,0,2.23,0,852,695,666,45,65,78,55,695,358,79,56,70,33,66,68,50,60,69,100.552,153.815,155.174,19,A2Y8JQ43HF8JOB,45,2,,84023,donald trump,5,1,5,english,11.762,78.073,86.067,11,3,2,1,3,1.802,5.701,7.637,4,1,2,1,-1,1,1,-1,2.939,9.924,11.561,7,3,2,3,4,3,5,3,4,1.279,9.763,11.149,10,5,4,3,4,5,6,6,3.325,9.554,12.682,8,2,57,62,75,57,43,79,79,4,5000,4.668,25.307,30.651,10,1.796,9.704,11.644,5,2,60,1,4,2,4.178,4.178,5.324,1,10,1,3278
2020-04-24 15:37:14,2020-04-24 15:50:12,0,75.74.117.142,100,777,1,2020-04-24 15:50:12,R_2pKR5h8RweNwvbM,,,,,26.016204833984375,-80.19550323486328125,anonymous,EN,0,0,26.282,0,1,35.921,35.921,37.62,1,0,0,19.137,0,450000,750000,995000,92,69,63,320000,500000,850000,80,68,63,16000,21000,25000,91,82,72,85.274,317.289,319.446,14,A9EFAPTE9L83N,31,1,,33351,Donal Trump,5,5,1,engllish,13.108,52.378,59.115,9,2,1,2,2,8.884,23.769,24.995,5,2,4,4,1,1,4,-2,27.203,66.903,68.291,8,4,6,5,4,5,6,6,6,14.995,55.109,57.578,8,3,2,3,5,6,2,6,9.207,27.908,32.991,7,2,4,2,2,82,59,82,93,5,1200,9.008,48.822,58.613,12,3.658,34.339,35.543,7,12,19,1,5,4,5.165,5.165,6.156,1,10,1,3798
2020-04-24 15:44:55,2020-04-24 15:55:44,0,12.236.149.34,100,648,1,2020-04-24 15:55:45,R_10DfkFMGFvFedjP,,,,,33.0034942626953125,-117.0695953369140625,anonymous,EN,0,0,67.484,0,1,3.138,3.138,3.959,1,0,0,7.851,0,452325,523641,756321,29,46,22,452345,625435,752361,59,68,81,14563,17563,18653,36,48,31,16.275,176.1,177.556,22,A2P1WD31HPJXU2,32,2,,95404,Donald trump,5,4,3,english,16.425,69.288,81.545,15,4,3,3,2,1.401,4.738,5.581,4,1,1,-1,2,1,-1,2,20.359,28.038,29.058,8,5,3,4,3,4,3,4,5,1.624,7.27,8.706,8,6,3,5,3,5,4,6,10.35,13.391,14.736,7,2,52,45,39,66,45,25,54,4,20000,1.781,41.344,41.784,13,2.354,84.236,86.214,7,1,18,1,3,3,94.974,94.974,95.941,1,6,1,3043
2020-04-24 15:46:54,2020-04-24 15:58:25,0,69.243.66.112,100,690,1,2020-04-24 15:58:25,R_33EkW6aHLNbDzGF,,,,,39.3126983642578125,-76.58100128173828125,anonymous,EN,4.863,4.863,5.868,1,1,5.392,7.755,9.5,2,0,0,11.957,0,500000,750000,1000000,32,32,33,1000000,1500000,2000000,34,35,35,30000,60000,90000,30,31,31,7.599,271.321,272.722,38,A3BVSTEODKSODS,59,1,,21218,Donald Trump,5,2,0,English,7.916,52.555,57.115,14,2,2,4,3,3.304,12.995,14.792,5,-4,3,3,-4,4,-4,-4,5.922,47.895,49.201,10,1,2,2,2,4,5,2,5,4.242,54.307,55.286,20,2,2,2,4,3,2,6,3.665,21.142,22.276,8,1,30,19,20,92,100,50,51,7,5000000,7.756,64.65,97.548,24,10.783,45.907,47.173,14,6,31,2,1,1,3.997,4.645,8.066,2,9,1,4429
2020-04-24 15:43:02,2020-04-24 16:00:16,0,72.203.93.164,100,1034,1,2020-04-24 16:00:16,R_24ekfdctgXrZMjD,,,,,33.7671966552734375,-118.38140106201171875,anonymous,EN,0,0,23.655,0,1,724.617,724.617,725.677,1,0,0,9.444,0,301,9197,68211,55,72,39,301,9197,68211,41,66,35,38,150,1027,52,68,37,4.454,78.031,79.853,14,AAT2LMF4GLU2G,48,1,,92555,Donald Trump,5,3,6,English,6.579,57.982,60.335,10,4,3,4,2,5.989,10.148,11.355,4,1,-2,1,2,1,-1,1,14.299,25.684,27.644,10,5,3,4,2,3,5,2,4,3.053,9.932,13.961,8,6,3,4,8,5,3,6,4.995,10.201,13.967,7,1,66,44,71,48,62,34,67,4,15,1.246,18.466,23.685,11,3.394,10.611,11.866,5,2,64,1,3,4,1.236,1.236,1.997,1,7,1,4535
2020-04-24 15:55:12,2020-04-24 16:02:59,0,137.118.193.187,100,466,1,2020-04-24 16:02:59,R_3k0uZ8yAA3Efs9P,,,,,45.7205963134765625,-123.90570068359375,anonymous,EN,0,0,3.76,0,1,2.724,2.724,4.537,1,0,0,7.413,0,550000,1000000,1250000,19,19,10,750000,1000000,1500000,23,20,11,20000,50000,75000,17,15,15,31.326,195.131,196.551,18,A14ADQ7RUN6TDY,70,2,,97131,Trump,5,2,0,English,1.538,29.105,33.889,10,2,2,1,1,6.901,16.649,18.075,4,3,-4,2,3,-4,2,4,5.565,31.779,32.5,10,5,5,5,5,5,6,1,6,3.48,24.008,25.256,9,4,2,5,5,2,6,6,8.062,29.19,31.135,8,2,5,1,1,96,9,100,100,7,100000,1.867,36.745,49.767,10,6.052,20.98,22.637,5,10,0,1,3,1,2.553,2.553,3.44,1,10,1,1861
2020-04-24 16:03:38,2020-04-24 16:10:56,0,71.194.123.244,100,438,1,2020-04-24 16:10:57,R_yqXLMBk5bzjz5L3,,,,,41.9777984619140625,-88.2017974853515625,anonymous,EN,0,0,3.952,0,1,2.357,4.976,6.753,3,0,0,5.226,0,430000,488000,540000,62,57,49,700000,900000,1100000,52,47,47,19000,24000,29000,33,27,19,43.564,151.475,152.858,23,A21Y7K669KM1PR,50,1,,60103,Donald Trump,5,2,1,English,1.916,49.94,50.935,15,5,4,2,1,3.625,22.966,24.114,6,-4,3,4,-4,4,-4,-4,5.42,41.355,42.781,10,5,6,6,6,5,5,5,6,3.375,21.364,22.437,12,6,6,5,6,2,6,6,5.081,34.868,36.302,10,1,54,46,6,69,98,86,86,7,50000,2.583,35.469,42.028,17,4.016,29.225,30.36,9,10,31,2,2,2,3.74,3.74,5.21,1,10,1,2842
2020-04-24 15:54:52,2020-04-24 16:16:35,0,50.107.137.18,100,1302,1,2020-04-24 16:16:35,R_6D6FVZgVutFHzON,,,,,41.347198486328125,-75.9853973388671875,anonymous,EN,0,0,98.226,0,1,2.152,2.152,2.998,1,0,0,13.456,0,397892,401000,406230,52,58,62,397922,401232,405325,48,47,49,14293,16839,19872,55,55,55,370.774,871.354,872.705,24,A3S1FX080CWBMG,31,2,,76106,donald trump,6,6,4,english,8.991,78.393,84.774,18,3,2,2,2,4.26,10.632,11.346,5,3,1,-2,3,-1,1,-1,19.347,32.726,33.456,9,3,5,3,2,4,3,4,3,2.274,9.407,12.785,9,2,5,3,2,4,5,6,3.214,9.748,10.569,7,2,54,40,24,39,58,67,87,3,308726,2.807,31.288,50.621,19,3.776,21.844,22.451,6,3,33,2,3,3,5.776,7.149,8.24,3,10,1,3150
2020-04-24 16:20:50,2020-04-24 16:24:52,0,108.35.40.72,100,242,1,2020-04-24 16:24:52,R_2CVYsXn9cLYgKg9,,,,,40.9918060302734375,-73.98000335693359375,anonymous,EN,0,0,3.186,0,1,4.271,4.271,6.086,1,0,0,2.457,0,400000,420000,440000,51,29,18,900000,1000000,12000000,19,14,6,15000,18000,25000,41,26,8,17.132,72.721,73.881,13,A324M5ZRHX7RUV,26,1,,07648,trump,5,3,1,english,4.714,26.912,31.684,11,3,2,3,2,2.356,8.618,9.508,5,-1,1,-2,2,-2,0,-1,4.607,20.005,21.474,9,3,4,3,4,4,5,5,4,2.282,16.489,17.292,10,5,6,5,5,4,5,6,1.657,14.612,15.753,7,1,51,30,1,72,93,81,80,6,1000,1.952,25.811,34.411,11,2.531,10.981,11.55,5,6,5,1,4,2,1.6,2.285,2.56,2,10,1,5731
2020-04-24 16:14:01,2020-04-24 16:25:08,0,129.112.109.43,100,666,1,2020-04-24 16:25:08,R_2sYhI4CbkmOqwQw,,,,,32.83099365234375,-96.76920318603515625,anonymous,EN,0,0,6.107,0,1,8.505,8.505,10.188,1,0,0,14.943,0,600000,900000,1200000,70,65,59,550000,800000,1000000,62,55,50,14000,16000,18000,79,65,58,60.871,248.489,250.182,33,A2FK3TPOTQVTX5,44,2,,75025,Trump,5,2,4,English,7.012,45.618,47.522,11,2,1,2,2,7.287,21.045,23.485,5,-2,1,0,-1,0,-1,1,10.547,56.727,58.416,12,4,4,5,5,5,5,2,5,7.142,45.684,47.585,11,2,5,4,3,6,2,6,9.067,29.938,32.08,8,2,10,8,3,86,88,99,86,4,20000,3.292,101.305,107.422,12,3.954,31.79,33.577,6,3,19,2,4,3,5.593,5.593,6.852,1,10,1,7195
2020-04-24 16:13:48,2020-04-24 16:36:39,0,196.247.50.60,100,1371,1,2020-04-24 16:36:40,R_2djdsMIIcpKIIoS,,,,,33.7552947998046875,-84.38860321044921875,anonymous,EN,72.324,72.324,72.755,1,1,123.35,123.35,125.617,1,0,0,350.148,0,2000,3500,7000,78,72,86,400,700,4000,83,73,86,100,300,1000,92,79,87,39.401,171.533,171.823,28,A3UP4PP3ZF1J39,31,2,,30303,Donald Trump,5,6,1," English",37.115,132.125,141.929,16,1,2,1,1,20.67,35.813,37.25,5,-2,-4,-2,-1,2,1,2,33.629,65.309,67.079,14,2,3,4,3,5,5,4,6,16.478,39.432,40.515,8,6,5,6,5,6,4,6,6.637,16.192,23.262,7,2,15,18,34,45,63,49,48,4,200000,3.596,180.778,188.139,29,4.194,37.989,38.977,8,12,35,2,5,1,5.563,5.563,6.612,1,9,1,2753
2020-04-24 16:40:15,2020-04-24 16:45:55,0,68.84.238.54,100,339,1,2020-04-24 16:45:55,R_Um6dRvABmXq3453,,,,,39.801300048828125,-75.0030975341796875,anonymous,EN,0,0,5.258,0,1,2.766,2.766,3.334,1,1.341,1.674,4.643,3,500000,700000,1000000,71,61,58,750000,1000000,1300000,38,37,38,15000,20000,25000,72,72,71,2.248,118.291,119.655,24,A1AINTCOQ7NXLX,30,2,,08755,Donald Trump,5,4,3,English,4.905,13.123,37.953,3,2,2,2,1,0,0,9.441,0,-2,2,-1,1,1,-1,-2,2.696,29.25,30.717,8,4,5,5,5,5,6,2,6,0,0,22.34,0,3,3,3,3,3,3,6,0,0,18.748,0,2,10,2,1,62,28,95,94,7,40000,1.219,26.171,41.459,10,5.295,20.099,22.386,5,9,0,2,4,1,4.128,5.226,5.54,2,10,1,9047
2020-04-24 16:46:10,2020-04-24 17:06:45,0,66.168.155.42,100,1234,1,2020-04-24 17:06:46,R_3LbQRTzBUN7pOUO,,,,,36.503692626953125,-87.2729034423828125,anonymous,EN,0,0,38.257,0,1,41.093,55.035,58.58,4,0,0,14.673,0,440000,525000,600000,75,75,75,"1,300,000","1,575,000","1,800,000",3,3,3,"20,000","24,000","30,000",60,60,60,47.118,767.271,768.518,39,A35QZFRG4FKK3Z,68,1,,37042,Trump,6,2,1,English,3.983,53.443,54.902,15,2,2,1,1,6.22,17.315,18.596,5,3,-4,-4,4,-4,4,4,12.608,51.972,53.293,12,5,5,6,6,6,6,1,6,6.256,38.905,40.171,11,4,3,4,5,3,8,6,14.073,37.324,38.755,8,2,0,0,0,85,0,100,100,5,"200,000",3.629,81.956,84.622,21,3.795,28.964,30.109,8,3,0,2,5,4,5.62,5.62,6.813,1,10,1,8215
2020-04-24 17:06:25,2020-04-24 17:14:48,0,64.145.93.101,100,503,1,2020-04-24 17:14:49,R_3h9i3IKuO0Eobf8,,,,,37.751007080078125,-97.82199859619140625,anonymous,EN,0,0,22.601,0,1,1.678,4.197,5.906,3,0,0,3.001,0,530000,600000,710000,71,69,72,530000,600000,710000,64,66,59,24000,30000,33000,60,60,61,2.599,146.732,147.762,30,ATGO5J2TL18KM,35,2,,44851,donald trump,5,5,0,english,10.468,47.031,47.861,14,4,4,3,1,3.805,3.805,6.687,1,1,-2,-2,1,1,1,1,1.557,20.663,21.393,13,2,6,3,1,5,3,4,3,5.379,5.379,11.3,1,3,5,3,6,4,2,6,4.858,16,17.382,4,2,3,3,2,3,3,2,5,4,4000000,2.278,31.09,45.333,15,3.1,18.092,22.325,8,12,3,1,3,1,4.123,4.123,5.03,1,10,1,2717
2020-04-24 16:42:52,2020-04-24 17:15:00,0,104.190.255.164,100,1927,1,2020-04-24 17:15:00,R_D7WCbLwO5fQWmu5,,,,,29.5583953857421875,-98.743499755859375,anonymous,EN,0,0,8.252,0,1,11.557,16.377,17.101,9,24.288,24.288,32.158,1,500000,750000,1000000,36,25,20,1000000,2000000,2500000,26,18,9,24000,50000,60000,15,10,8,4.425,244.566,245.49,80,A1LENHSFWGC5EU,42,2,,78253,"Donald Trump ",6,3,0,English,2.419,281.987,286.52,22,1,2,1,1,21.405,98.298,99.154,7,-4,4,-4,-4,4,-4,-4,1.352,407.601,408.837,16,3,4,3,4,3,4,2,4,4.339,366.48,368.153,20,5,3,3,4,3,5,6,6.176,37.845,39.045,14,2,2,3,1,80,12,80,95,5,10000,2.011,89.925,92.764,31,3.461,38.607,40.047,23,3,0,1,5,4,3.401,3.941,9.533,2,9,1,3655
2020-04-24 17:22:40,2020-04-24 17:28:36,0,72.51.231.125,100,355,1,2020-04-24 17:28:36,R_3NQCqcTEgW9KGgW,,,,,36.7884063720703125,-89.96430206298828125,anonymous,EN,0,0,4.18,0,1,3.086,4.997,5.845,3,0,0,3.034,0,453001,673088,819726,52,51,49,783009,956392,1239005,42,40,37,13008,15213,17103,46,45,44,9.629,141.319,142.922,24,A2IBTYRQIZX1N6,39,1,,63701,Donald Trump,2,2,1,English,1.551,26.087,30.687,10,3,3,2,1,2.978,12.302,13.22,7,3,-4,-1,3,-3,1,4,4.262,25.364,26.735,11,4,4,5,5,5,6,1,6,2.982,17.695,18.795,13,6,5,5,5,2,5,6,2.295,17.246,18.667,10,1,51,29,13,91,85,95,95,7,13000,2.485,46.279,47.047,18,3.75,24.103,25.294,9,8,4,1,4,1,3.851,3.851,7.1,1,10,1,7025
2020-04-24 17:24:43,2020-04-24 17:32:40,0,68.255.176.82,100,476,1,2020-04-24 17:32:40,R_1OAB4n6cNlpCEoq,,,,,33.6549072265625,-95.539398193359375,anonymous,EN,0,0,50.455,0,1,4.191,4.191,5.09,1,0,0,30.688,0,30,45,20,88,75,98,46,40,35,88,83,91,50,40,35,92,87,88,3.493,23.113,93.081,7,A3E6HPXTP1ZCV6,42,2,,75702,Donald trump,6,5,1,English,1.425,123.087,132.366,32,2,3,2,3,1.352,7.483,9.511,5,3,-2,3,2,-2,2,3,1.862,12.88,15.4,7,5,4,5,6,4,5,4,6,1.21,10.516,12.614,8,6,4,6,5,8,4,6,3.013,9.092,10.969,7,2,90,80,89,71,91,78,93,5,30,2.867,44.264,49.153,15,8.363,27.163,29.162,11,3,85,1,4,3,2.113,2.113,3.929,1,9,1,1216
2020-04-24 17:38:48,2020-04-24 17:53:30,0,205.169.57.115,100,882,1,2020-04-24 17:53:31,R_3EVVqBZser7Gf3i,,,,,28.575897216796875,-81.39569854736328125,anonymous,EN,0,0,14.293,0,1,3.151,3.151,4.042,1,3.668,104.115,106.135,3,1181346,3544038,1222026,44,55,47,1081245,2689521,4853245,34,41,34,22100,32000,56000,20,50,42,22.59,462.22,464.211,28,A213CX3NWZN0Z,30,1,,10022,Donald Trump,4,3,3,English,2.509,55.945,63.798,15,2,2,3,3,4.94,17.185,18.326,5,2,2,3,1,2,1,1,4.219,18.759,20.248,7,4,3,5,4,4,4,3,4,2.524,14.713,16.202,8,4,5,4,3,4,5,6,2.13,10.48,13.739,7,1,23,11,9,69,56,31,80,7,37170,3.973,99.853,102.663,12,4.819,27.228,28.364,8,3,44,2,4,3,3.479,3.479,4.43,1,8,1,2358
2020-04-24 18:01:57,2020-04-24 18:15:10,0,71.179.35.112,100,792,1,2020-04-24 18:15:11,R_OvVSlGxNG8SjOk9,,,,,39.2079010009765625,-76.95929718017578125,anonymous,EN,0,0,5.762,0,1,2.484,2.484,3.937,1,44.016,44.45,56.726,2,420000,500000,580000,74,69,62,600000,700000,800000,80,75,69,14500,18500,22500,77,72,64,131.653,335.331,337.296,23,APEQ60QNQ3WQT,50,2,,21043,Donald Trump,6,6,0,English,1.264,56.088,61.12,12,3,3,3,2,10.371,27.832,29,5,1,-1,-4,3,-2,0,2,10.305,55.027,57.512,15,6,6,6,6,6,5,2,6,4.983,31.872,33.02,10,4,2,2,2,4,3,6,6.167,36.028,38.712,8,2,8,0,0,100,81,98,99,6,120,3.109,61.233,71.716,17,5.478,59.177,59.886,9,3,31,1,5,3,3.744,3.744,5.933,1,10,1,3887
2020-04-24 18:07:41,2020-04-24 18:16:32,0,50.43.44.196,100,531,1,2020-04-24 18:16:32,R_0HsV14hDMNFWy3f,,,,,45.539703369140625,-122.96379852294921875,anonymous,EN,0,0,4.783,0,1,4.531,4.531,6.478,1,0,0,10.068,0,490000,520000,550000,42,35,33,500000,625000,750000,29,21,7,15000,19000,24000,58,47,31,88.668,196.57,199.344,18,A2DD5TYSKNCLA6,64,2,,97123,Donald J. Trump,6,6,birth,English,8.284,39.05,43.716,10,2,2,1,1,4.95,13.264,14.219,4,-1,3,-2,0,3,3,-1,8.153,42.375,44.113,7,6,6,6,6,6,5,2,6,5.269,46.955,49.727,10,6,3,4,5,3,5,6,7.804,35.922,37.001,7,2,1,0,0,81,0,100,97,7,6200,2.5,50.548,65.8,11,2.824,27.85,29.085,5,12,14,2,4,1,3.792,3.792,4.764,1,10,1,1813
2020-04-24 18:39:21,2020-04-24 18:48:17,0,73.147.95.252,100,535,1,2020-04-24 18:48:17,R_3IcOzH3aU4igoUU,,,,,38.27099609375,-77.54949951171875,anonymous,EN,0,0,24.718,0,1,9.627,9.627,11.42,1,0,0,5.796,0,440000,500000,550000,76,73,65,1200000,1900000,2400000,59,53,46,15000,20000,24000,69,64,55,50.183,196.836,199.819,23,AVL8NX27320P,59,2,,22407,Donald Trump,6,5,1,English,7.298,45.409,51.829,9,2,2,2,1,5.223,14.51,16.3,4,1,-1,-3,1,-1,2,1,8.887,37.1,39.461,7,4,4,4,5,5,6,1,6,4.933,32.756,35.382,9,3,3,4,4,3,3,6,6.993,23.76,27.719,7,2,20,15,3,90,30,90,90,4,100000,2.113,54.551,56.194,11,12.991,36.03,37.978,5,2,1,2,4,3,4.412,4.412,6.267,1,9,1,6758
2020-04-24 18:54:52,2020-04-24 18:59:28,0,23.106.26.135,100,276,1,2020-04-24 18:59:29,R_27DKLFUO3gMzkcS,,,,,47.490203857421875,-122.3003997802734375,anonymous,EN,0,0,19.519,0,1,2.778,2.778,3.85,1,0,0,1.716,0,1301,68211,215003,47,71,76,13011,68211,215003,71,64,74,68111,25000,30000,51,70,87,2.001,60.925,62.437,19,AUVBOZ9P6PE49,26,1,,94563,california,5,5,20,yes,1.202,26.939,37.148,9,3,3,3,2,1.262,8.814,13.158,5,2,2,2,2,2,1,1,1.584,15.504,16.735,13,3,4,5,5,3,1,3,4,0.789,12.454,13.389,11,3,6,3,5,3,6,6,1.285,12.452,16.168,7,1,51,65,65,65,67,74,78,5,600000,0.98,18.968,38.066,11,2.11,17.629,23.286,12,2,59,1,3,3,1.756,1.756,2.752,1,5,1,2238
2020-04-24 19:42:30,2020-04-24 19:49:01,0,24.11.16.232,100,390,1,2020-04-24 19:49:01,R_1DSBVXltoPO5ukG,,,,,41.0854034423828125,-111.96820068359375,anonymous,EN,0,0,92.996,0,1,3.852,3.852,4.578,1,0,0,4.889,0,515255,650321,792751,34,22,9,1500000,2150000,2950352,15,11,6,15576,19853,22352,35,27,26,18.587,120.755,122.169,17,A24WQ0ZEGXHX6J,48,2,,84414,Donald Trump,5,2,0,English,5.853,20.829,25.251,7,3,3,2,2,2.388,8.908,9.616,4,4,-2,-4,4,3,4,4,3.002,21.858,22.911,8,6,6,6,6,5,5,2,6,2.119,17.182,17.804,8,4,5,3,4,4,5,6,2.672,19.527,21.532,10,2,1,1,1,45,5,51,51,7,5500,1.839,27.591,32.771,11,2.075,19.251,19.96,5,3,10,1,2,2,3.061,3.061,3.761,1,9,1,9690
2020-04-24 19:41:07,2020-04-24 19:49:38,0,198.228.80.152,100,511,1,2020-04-24 19:49:39,R_xD6ns0QNKaRhKKd,,,,,37.751007080078125,-97.82199859619140625,anonymous,EN,0,0,73.426,0,1,11.172,11.172,12.09,1,35.9,36.192,36.746,2,20000,40000,60000,31,64,95,50000,100000,150000,31,64,91,2000,4000,6000,20,42,63,2.752,115.857,116.16,26,AXZV4UH3U7A6V,65,2,,63601,donald trump,5,1,1,english,6.34,45.956,46.144,14,3,4,2,3,0.703,4.281,4.5,7,1,1,2,1,2,1,1,0.916,9.447,9.997,18,4,3,3,4,4,4,3,4,0.772,10.235,10.625,12,5,3,4,5,4,3,6,1.329,7.009,9.29,8,2,44,60,57,66,54,64,49,5,52176,4.36,35.319,92.79,14,1.487,10.74,31.001,9,3,51,2,3,2,5.77,9.183,11.982,3,10,1,5144
2020-04-24 20:01:59,2020-04-24 20:06:14,0,65.249.173.12,100,255,1,2020-04-24 20:06:15,R_3dMpVKUfE6cmDEz,,,,,34.029693603515625,-84.1468963623046875,anonymous,EN,0,0,33.03,0,1,2.193,2.193,2.834,1,1.029,1.301,1.607,2,3,6,9,39,41,53,3,6,9,49,14,63,3,6,9,63,21,95,2.579,27.087,27.201,15,A1HB8WVP9ZWLXV,42,1,,20740,Donald Trump,5,5,42,english,28.56,66.464,67.772,20,1,2,2,2,8.815,13.086,14.924,4,3,1,3,2,2,2,2,5.146,10.215,11.164,7,5,6,4,5,4,5,5,4,3.809,11.12,11.567,10,5,4,5,6,8,5,6,4.561,7.93,11.315,8,1,63,86,53,100,57,53,78,7,3000,5.563,24.915,25.3,13,13.728,18.648,20.244,5,2,50,1,4,4,4.114,4.114,4.735,1,10,1,1850
2020-04-24 20:07:37,2020-04-24 20:19:18,0,131.148.59.187,100,700,1,2020-04-24 20:19:18,R_28NYdvt76jCBiyS,,,,,28.2454071044921875,-81.283203125,anonymous,EN,0,0,16.365,0,1,10.5,10.5,11.377,1,3.636,4.154,6.059,2,397000,399000,401000,85,100,96,395000,397000,398000,64,84,77,13000,15000,18000,73,75,89,6.721,184.061,185.925,26,AO6PLHG9VY5X9,26,2,,08810,"Donald Trump ",6,6,Born,English,1.695,52.667,58.463,14,1,1,1,1,4.476,15.512,16.425,6,4,1,-2,-1,1,2,2,2.844,14.799,16.435,8,3,5,5,4,5,5,4,5,14.896,27.684,28.488,11,1,4,3,2,4,5,6,198.747,207.424,210.763,10,2,58,68,74,69,54,72,83,7,3000,1.795,35.131,106.878,14,2.388,25.494,27.574,10,6,63,1,2,4,1.694,2.586,3.73,2,10,1,5913
2020-04-24 20:27:55,2020-04-24 20:32:43,0,23.83.184.135,100,288,1,2020-04-24 20:32:43,R_2pMNpOYNcl6VYwf,,,,,37.751007080078125,-97.82199859619140625,anonymous,EN,25.016,25.016,25.426,1,1,1.609,1.609,2.421,1,0,0,2.615,0,900,1900,2800,86,70,76,1000,2000,3000,75,93,81,800,1200,1600,67,88,79,1.811,49.298,61.868,19,ARMBVAG9TJLFR,58,2,,23117,donald trump,5,4,2,english,1.518,53.749,62.105,11,2,3,1,2,1.148,5.63,6.584,6,1,2,3,2,2,1,3,0.882,7.89,8.673,9,4,5,5,4,5,4,5,4,1.019,7.554,8.523,10,5,6,5,6,5,6,5,0.971,0.971,7.786,1,1,83,76,62,88,75,86,60,6,10000,2.534,18.206,27.955,15,3.62,14.827,15.741,10,3,86,1,4,3,5.039,5.039,5.774,1,9,1,2137
2020-04-24 20:33:41,2020-04-24 20:42:35,0,69.18.228.209,100,534,1,2020-04-24 20:42:35,R_2xz60VApUIwATiU,,,,,38.734405517578125,-98.1992034912109375,anonymous,EN,9.028,9.028,16.491,1,1,3.98,3.98,5.088,1,0,0,6.064,0,500000,675000,900000,70,75,75,800000,100000,130000,70,75,70,21000,27000,33000,75,75,75,14.75,211.749,213.206,28,A2A7O6KYJ9GS8A,37,2,,67439,Donald Trump,3,3,1,English,12.873,44.359,46.824,12,2,2,2,2,9.738,32.718,33.733,6,-3,4,4,-4,4,-3,-3,8.333,29.79,31.133,8,5,5,5,5,6,5,2,6,4.195,24.273,25.122,8,5,6,6,5,3,3,6,3.519,19.232,21.294,8,2,10,3,1,80,70,100,100,7,50000,12.656,72.956,83.955,11,8.842,21.008,22.201,5,3,70,2,2,4,4.712,4.712,6.269,1,10,1,7678
2020-04-24 20:43:20,2020-04-24 20:51:59,0,107.192.67.53,100,518,1,2020-04-24 20:51:59,R_ANldwvLQhUyhQfD,,,,,26.5749969482421875,-80.0803985595703125,anonymous,EN,0,0,15.589,0,1,13.99,13.99,15.9,1,0,0,5.709,0,520000,750000,940000,75,78,81,12000,42000,120000,50,51,51,12,60,120,51,52,54,58.223,159.445,161.497,14,A1EQLY98F5PJYP,74,2,,33406,Donald J. Trump,4,2,2,English,4.714,48.409,53.931,9,3,3,2,1,5.222,18.944,20.467,5,1,2,-2,0,0,-2,0,8.391,46.526,48.193,8,4,4,4,4,3,2,2,4,3.306,30.233,31.43,8,4,2,3,3,5,3,6,4.804,40.317,42.217,8,2,15,15,10,84,84,98,100,7,450,2.953,57.131,61.621,12,3.103,27.075,28.601,7,1,65,2,4,3,2.824,2.824,3.884,1,9,1,4834
2020-04-24 20:55:58,2020-04-24 21:06:21,0,70.133.173.177,100,622,1,2020-04-24 21:06:21,R_33vh0Hilan0JbNy,,,,,36.07110595703125,-86.71959686279296875,anonymous,EN,0,0,43.749,0,1,2.89,2.89,3.982,1,4.349,4.781,6.239,2,1300,3400,9200,85,94,98,1500,2900,7400,78,85,98,38,150,1015,70,82,100,27.6,164.169,165.335,29,A3KH3R0XM1LT9F,30,2,,37211,Donald Trump,6,2,5,English,1.392,92.113,104.431,25,2,1,2,2,2.57,11.11,14.405,4,-3,-2,-3,-2,-4,-2,-3,11.787,26.371,27.58,12,6,4,6,5,6,5,6,5,1.888,17.223,17.985,8,2,1,1,2,1,1,6,3.175,11.236,14.673,7,2,93,90,95,91,95,83,96,4,222000,7.995,133.819,141.83,22,2.382,28.697,29.569,8,1,90,1,5,4,1.469,1.469,2.482,1,9,1,3970
2020-04-24 21:01:13,2020-04-24 21:07:07,0,47.133.85.79,100,353,1,2020-04-24 21:07:07,R_3PtwhyWiccmJkVc,,,,,36.0677032470703125,-75.7057037353515625,anonymous,EN,0,0,4.509,0,1,1.869,1.869,2.812,1,0,0,5.034,0,400000,410000,450000,41,25,1,200000,220000,250000,7,3,1,13000,13500,15000,17,10,1,1.614,103.287,104.137,49,A11WUBFLUXXF4Y,45,2,,27948,donald trump,6,2,8,english,5.517,35.113,39.056,18,2,2,1,2,3.512,14.281,15.351,11,0,0,1,0,0,-1,0,5.92,25.169,25.799,10,3,5,6,6,4,5,5,5,4.18,24.568,25.535,16,3,3,3,3,5,3,6,3.305,13.545,14.175,9,2,15,7,1,87,9,92,92,5,10000,2.213,26.071,37.169,22,1.762,16.207,16.905,14,12,8,2,5,1,3.074,3.074,3.677,1,9,1,9573
2020-04-24 21:53:27,2020-04-24 22:01:34,0,70.183.106.144,100,487,1,2020-04-24 22:01:35,R_1qVX7B9Ja2tEGII,,,,,33.20770263671875,-117.34799957275390625,anonymous,EN,0,0,26.953,0,1,4.702,4.702,5.865,1,0,0,2.027,0,1301,9197,68211,52,73,82,1301,9197,68211,69,55,82,38,150,1027,77,65,86,40.526,194.646,195.827,23,A1LOOOBB0S9LIJ,31,2,,76106,USA,6,5,5,ENGLISH,1.756,48.199,63.453,10,2,4,2,3,1.824,6.224,7.775,4,2,3,2,1,2,3,1,4.975,15.296,17.167,7,2,4,5,3,3,4,3,5,36.462,45.434,48.288,8,3,6,5,4,3,5,6,2.277,11.208,14.497,9,1,64,48,77,57,69,51,73,6,21364,1.636,38.008,43.62,12,6.073,17.533,18.817,6,4,60,1,4,2,2.576,2.576,3.454,1,8,1,4368
2020-04-24 22:10:30,2020-04-24 22:19:34,0,73.90.144.156,100,543,1,2020-04-24 22:19:34,R_1fl6eJjR4FdQSsM,,,,,38.122802734375,-121.254302978515625,anonymous,EN,0,0,33.374,0,1,5.736,5.736,7.685,1,0,0,3.412,0,Aaron,6,9,100,100,100,3,6,9,100,99,98,3,6,7149606971,93,99,95,1.967,92.537,94.518,43,A5UV2CMEWD0NT,35,2,,92648,trim,5,5,English,20,49.325,183.23,198.183,28,4,5,3,4,4.525,9.766,11.328,5,3,2,2,2,3,2,3,6.503,23.078,24.536,13,5,6,5,6,5,6,5,6,1.288,9.951,11.548,8,6,8,6,8,6,8,6,1.157,4.625,5.486,7,1,91,91,90,88,92,93,92,6,500,1.417,32.032,39.33,16,2.2,10.766,11.699,9,1,90,1,5,4,1.558,1.558,2.377,1,9,1,5178
2020-04-24 22:18:59,2020-04-24 22:29:59,0,71.92.22.85,100,660,1,2020-04-24 22:30:00,R_1K0wxA6ajBwKiKj,,,,,30.5435943603515625,-89.68959808349609375,anonymous,EN,0,0,249.663,0,1,2.89,2.89,4.029,1,0,0,2.081,0,1301,9197,68211,79,57,71,1301,9197,68211,55,70,61,38,150,1027,65,78,69,8.14,212.442,213.574,22,A2LIDPMG8LZF8I,31,2,,76106,DONALD TRUMP,6,5,12,ENGLISH,1.428,77.008,82.374,9,3,4,2,3,1.97,5.54,6.568,4,1,3,2,1,3,2,3,1.429,11.166,12.674,9,4,3,2,3,5,2,5,4,1.499,9.288,10.312,9,3,6,5,4,3,5,6,2.07,8.176,9.118,7,1,79,65,50,69,76,59,77,5,12069,2.389,22.419,27.677,11,1.367,10.047,10.516,6,12,78,1,4,3,1.837,1.837,2.498,1,8,1,2814
2020-04-24 23:52:51,2020-04-25 00:11:19,0,73.81.143.43,100,1108,1,2020-04-25 00:11:20,R_29oWSyVl5jrkBVi,,,,,40.1096038818359375,-75.2169036865234375,anonymous,EN,0,0,90.303,0,1,3.569,3.569,5.278,1,1.309,1.309,2.482,1,68211,215003,393782,72,84,75,1301,9197,68211,53,74,83,9197,215003,393782,61,81,69,28.906,203.579,205.4,19,ANYB5C13HIKXI,29,2,,19507," Donald Trump ",5,4,5,English,16.803,89.71,97.277,16,2,1,2,2,6.87,17.033,19.728,5,2,3,2,3,1,3,2,3.776,35.576,38.001,11,4,3,4,5,4,5,3,4,2.385,13.808,15.726,8,5,4,3,4,5,4,6,1.812,10.624,13.012,8,2,64,76,86,70,76,84,65,4,25,8.774,36.332,44.037,12,2.257,34.684,35.618,11,3,66,1,5,4,4.286,4.286,5.465,1,9,1,3494
2020-04-25 00:31:32,2020-04-25 00:43:20,0,73.116.59.83,100,707,1,2020-04-25 00:43:21,R_1K6GpDmMza6XPGu,,,,,36.861297607421875,-119.76689910888671875,anonymous,EN,0,0,16.248,0,1,3.463,3.463,4.301,1,3.694,3.694,9.022,1,4568,61125,402582,78,82,86,4568,61125,402582,78,84,78,70,1089,13258,57,65,45,19.013,323.463,330.594,24,A2M5CSOXYV3MJJ,28,2,,94107,Trump,5,5,2,"english ",10.075,88.931,99.17,14,2,2,2,2,3.528,8.271,9.663,7,1,1,1,1,1,1,1,2.191,20.101,21.654,17,5,4,4,5,4,4,4,4,1.854,12.373,13.444,9,6,5,5,5,5,6,6,8.438,14.296,15.558,9,2,9,3,2,70,2,7,13,7,100,5.802,74.915,75.377,19,6.711,35.025,37.4,11,12,2,1,4,3,1.897,1.897,3.175,1,7,1,1035
2020-04-25 02:21:21,2020-04-25 02:31:43,0,63.115.158.156,100,621,1,2020-04-25 02:31:44,R_2AFLLtg5xFmtxOs,,,,,33.7223968505859375,-84.52050018310546875,anonymous,EN,0,0,42.87,0,1,3.992,3.992,5.351,1,0,0,2.815,0,1301,9197,68211,68,61,66,1200,9100,65000,53,76,70,38,150,1027,72,83,79,0.421,225.824,227.541,14,A3CUE1YXJ26Z5F,36,1,,70805,Donald Trump,5,4,5,English,2.47,65.03,66.075,15,2,2,2,2,8.315,35.827,36.996,5,1,1,2,2,2,-2,1,3.737,41.644,43.345,10,4,5,5,6,5,2,5,4,2.902,30.336,31.378,8,6,4,3,5,2,4,6,5.859,30.958,33.757,7,2,73,79,63,85,63,89,77,5,500,2.608,50.064,51.48,12,8.016,35.697,36.417,7,6,70,1,5,4,4.045,4.839,5.602,2,10,1,4306
2020-04-25 05:40:24,2020-04-25 05:44:59,0,74.141.185.32,100,275,1,2020-04-25 05:45:00,R_eqCLH5JcsN1qb4J,,,,,39.9530029296875,-83.07669830322265625,anonymous,EN,0,0,56.479,0,1,2.139,2.139,3.304,1,0,0,1.161,0,3,6,9,55,40,66,3,6,9,40,59,44,3,6,9,58,47,68,3.316,37.471,38.429,19,A3EOTO3AVNI0TL,47,2,,43147,us,5,5,yes,English,1.448,55.944,71.078,11,3,4,2,3,1.247,3.967,4.52,4,1,-2,2,1,-1,2,-1,1.389,7.165,8.23,9,4,5,6,4,4,5,4,5,1.015,7.863,8.646,9,5,6,8,5,6,8,6,0.91,3.99,4.996,7,1,55,38,62,47,70,51,70,4,3,0.939,13.082,19.844,12,2.718,11.87,12.677,7,1,60,1,3,3,1.42,1.42,2.168,1,9,1,6339
2020-04-25 05:35:12,2020-04-25 05:46:29,0,70.113.64.2,100,676,1,2020-04-25 05:46:29,R_21jmXmYoDYnmppE,,,,,30.2720947265625,-97.686798095703125,anonymous,EN,0,0,15.51,0,1,2.009,2.009,5.757,1,0,0,8.025,0,2000,20000,2000000,16,19,22,1200,120000,300000,27,36,39,100,1000,10000,40,30,47,9.394,59.788,60.786,16,A1QVNF19XSRSD7,36,2,,78723,Trump,5,5,0,English,12.696,33.32,37.167,10,2,2,4,3,1.281,11.753,14.066,6,-2,-1,3,1,2,-2,-1,1.596,11.61,14.386,10,4,2,5,4,3,2,4,3,10.14,16.73,17.798,8,5,2,3,1,5,4,6,1.932,4.658,5.816,7,2,22,35,28,33,23,36,54,2,2000000,1.238,17.64,23.312,13,5.079,12.196,13.252,8,6,17,2,2,3,1.338,1.338,2.919,1,3,1,2696
2020-04-25 06:03:35,2020-04-25 06:13:54,0,173.215.62.4,100,618,1,2020-04-25 06:13:55,R_12LVdDV4WtG1IEJ,,,,,40.742401123046875,-91.97039794921875,anonymous,EN,0,0,34.211,0,1,35.299,35.299,39.313,1,0,0,28.063,0,400000,600000,10000000,68,72,73,400000,600000,800000,69,70,71,40000,60000,90000,66,68,69,55.947,133.773,135.15,22,A3CA7SCTM4H9IO,42,1,,52565,TRUMP,4,4,2,ENGLISH,3.701,52.013,59.73,9,3,2,2,2,6.586,16.986,18.082,4,-4,3,0,-3,-2,-2,3,7.78,31.505,33.385,8,3,4,4,3,4,4,3,3,19.938,54.33,55.58,8,5,5,6,5,5,2,6,22.578,43.762,45.576,7,2,11,13,12,51,29,31,79,5,12000,9.476,65.156,70.363,11,11.263,48.975,50.361,8,2,81,2,3,3,29.268,29.268,30.284,1,10,1,3519
2020-04-25 06:58:54,2020-04-25 07:08:00,0,104.178.118.183,100,546,1,2020-04-25 07:08:00,R_06gmYGzrlP7vQfD,,,,,37.62750244140625,-97.35590362548828125,anonymous,EN,0,0,7.766,0,1,33.803,33.803,35.519,1,0,0,11.008,0,390000,300000,150000,50,50,50,395000,295000,160000,50,50,51,13000,12500,7000,50,50,50,76.519,186.543,188.026,19,A37LMTGP9S8IE8,68,1,,67217,Donald J Trump,3,2,1,English,2.033,35.521,42.958,9,1,1,1,1,3.693,15.589,17.673,4,4,-4,-4,4,-4,4,4,12.045,40.361,41.955,7,5,6,5,5,6,6,1,6,4.472,34.855,35.893,10,5,4,5,6,2,5,6,7.763,34.658,36.135,7,2,0,0,0,50,30,60,21,1,250,3.011,47.748,61.893,11,6.935,24.79,26.456,5,3,0,2,5,4,6.419,6.419,7.752,1,10,1,5648
2020-04-25 07:02:46,2020-04-25 07:08:40,0,69.228.216.14,100,354,1,2020-04-25 07:08:40,R_1f2GnkRXrblFBU2,,,,,29.7805023193359375,-95.51290130615234375,anonymous,EN,0,0,26.337,0,1,2.541,3.276,3.936,2,0,0,1.698,0,600000,1200000,1800000,91,94,96,500000,1000000,2000000,85,92,95,5000000,10000000,20000000,88,95,97,13.543,108.268,109.11,21,A15RTRQ5YO6AUS,30,2,,77028,Donald Trump,5,4,1,English,5.891,44.172,45.143,14,1,2,3,4,2.564,12.936,13.485,6,2,2,1,3,2,3,-2,1.557,20.436,20.934,14,5,6,5,6,5,6,5,5,1.278,8.19,8.898,11,1,2,3,2,1,2,6,2.617,9.609,10.342,9,2,59,69,73,67,76,82,78,7,200000,2.633,19.289,23.921,16,14.568,26.885,27.306,10,3,75,1,4,4,2.084,2.084,2.928,1,8,1,8715
2020-04-25 07:03:03,2020-04-25 07:18:06,0,207.246.93.207,100,903,1,2020-04-25 07:18:07,R_WfBEvrwOAYgM1ih,,,,,40.5511016845703125,-74.460601806640625,anonymous,EN,0,0,45.801,0,1,5.098,5.098,6.654,1,0,0,18.161,0,500,7000,40000,100,47,59,1000,1500,45000,48,63,36,30,150,7000,71,44,77,11.319,307.756,308.822,30,A2J7R61N97WR5R,28,1,,10011,DONALD TRUMP,5,4,1,ENGLISH,6.753,49.843,58.669,10,2,2,1,3,13.613,32.046,33.823,7,-4,-3,-1,1,2,-1,-1,7.982,44.041,45.778,16,6,5,3,6,5,4,5,6,4.675,54.565,55.581,15,4,6,4,5,5,6,6,37.369,47.491,67.806,7,2,8,26,15,72,100,93,88,5,3000,37.267,140.556,163.69,17,3.687,51.496,52.828,7,12,57,1,3,3,12.325,12.325,13.259,1,10,1,6916
2020-04-25 07:25:09,2020-04-25 07:31:35,0,66.188.191.234,100,386,1,2020-04-25 07:31:36,R_2CVPFEFvxZ5dRGT,,,,,44.6627960205078125,-93.153900146484375,anonymous,EN,0,0,4.738,0,1,1.952,1.952,2.808,1,0,0,6.889,0,420000,500000,725000,41,32,22,500000,900000,1300258,41,33,15,14300,15230,16890,59,43,28,34.689,126.349,127.735,19,A3KF6OE5PDE94V,50,2,,55024,Donald Trump,3,2,2,English,0.952,32.091,35.985,9,2,2,1,1,4.617,11.458,12.315,5,3,-3,-4,3,-2,4,3,4.189,45.116,46.04,10,2,2,3,3,4,4,5,4,2.042,20.246,21.015,9,5,5,5,4,4,4,6,4.44,19.345,20.564,7,2,60,9,4,92,7,89,88,3,3000000,2.309,31.234,40.495,12,3.31,17.817,19.02,5,12,1,2,5,2,2.764,2.764,3.379,1,9,1,4953
2020-04-25 07:37:39,2020-04-25 07:47:43,0,76.177.111.57,100,604,1,2020-04-25 07:47:44,R_1fkZ7XvRuIkB3yK,,,,,37.985107421875,-84.17240142822265625,anonymous,EN,0,0,26.243,0,1,11.948,11.948,14.048,1,0,0,57.031,0,490000,590000,750000,10,7,4,450000,500000,550000,51,50,51,13000,14000,15000,1,1,1,92.281,202.307,204.549,19,A3K4JTRUZQD096,65,1,,40391,D J Trump,2,2,2,english,3.634,44.301,51.46,9,3,3,1,1,6.057,18.763,20.197,4,4,-4,-4,4,-4,4,4,6.233,44.069,47.14,7,3,4,4,4,4,5,5,6,3.463,35.961,37.663,9,4,4,2,4,4,2,6,15.762,36.595,39.495,7,2,50,19,5,81,0,19,9,1,33,2.619,46.871,53.819,10,6.272,22.226,23.248,5,10,0,2,5,4,3.924,3.924,5.6,1,8,1,3147
2020-04-25 08:16:49,2020-04-25 08:22:46,0,206.195.149.74,100,356,1,2020-04-25 08:22:46,R_24c9mKgjNd14R0G,,,,,35.9506988525390625,-79.9792022705078125,anonymous,EN,0,0,5.059,0,1,1.574,1.574,2.495,1,0,0,14.801,0,400000,420000,440000,71,68,65,410000,430000,460000,66,65,62,13500,14500,16000,45,53,51,2.618,110.139,111.383,22,A2LMREAO2XRLTM,24,2,,27282,trump,2,2,2,english,1.005,47.887,58.521,10,2,2,2,2,2.881,9.42,10.325,4,1,-1,-1,-1,1,-1,0,1.168,10.735,11.857,19,4,4,4,5,5,3,3,3,0.76,9.588,10.653,13,5,4,4,5,4,4,6,15.733,19.745,21.52,16,2,20,36,36,51,24,84,83,7,5000,1.095,53.84,61.384,32,2.499,25.026,25.75,9,10,71,2,4,2,2.48,4.166,4.615,2,9,1,2596
2020-04-25 08:18:28,2020-04-25 08:25:35,0,67.217.16.24,100,426,1,2020-04-25 08:25:35,R_1FQfJWCtrcGIDoC,,,,,32.7266998291015625,-103.12870025634765625,anonymous,EN,0,0,65.176,0,1,22.686,22.686,23.888,1,0,0,28.34,0,20,15,10,75,95,94,15,10,12,70,75,92,10,8,10,81,72,64,44.843,90.518,91.901,22,A3JODZ64BKOEKI,47,2,,92404," Donald Trump ",6,5,42,English,1.513,78.313,84.411,13,4,2,2,2,5.905,5.905,10.421,1,2,1,1,1,1,1,1,2.516,2.516,10.028,1,1,3,3,4,5,5,5,5,1.882,1.882,8.362,1,2,2,2,2,2,2,6,2.454,2.454,23.747,1,1,76,80,81,78,57,72,55,6,20000,1.686,18.096,22.718,12,2.889,10.464,11.872,5,1,73,1,4,3,3.06,3.06,4.501,1,9,1,8593
2020-04-25 11:18:38,2020-04-25 11:35:49,0,47.157.6.82,100,1031,1,2020-04-25 11:35:49,R_2tvI8xCJdIkqX7z,,,,,33.979400634765625,-118.0608978271484375,anonymous,EN,0,0,32.419,0,1,2.824,6.044,7.436,6,0,0,3.025,0,cheating,Theft,Robbery,27,38,47,"2,614","1,000","2,000",28,34,35,1100,1500,1400,28,17,14,3.567,523.015,525.653,51,A3B20DD6Y5ORPB,36,1,,90201,california,5,4,4,english,26.314,87.794,89.648,12,2,2,2,3,2.566,26.856,28.623,9,0,0,0,0,0,0,0,3.678,15.727,17.095,8,3,4,4,4,4,3,3,4,6.268,22.927,24.427,10,5,4,4,4,4,4,6,3.429,30.904,32.845,12,2,34,35,40,39,36,47,44,5,"100,000",8.04,183.026,184.646,20,5.882,40.664,43.101,12,5,36,1,3,2,3.156,3.156,4.724,1,6,1,8086
2020-04-25 12:49:54,2020-04-25 13:15:23,0,68.224.12.155,100,1529,1,2020-04-25 13:15:24,R_2ff8ULRQaOdGmYz,,,,,36.12359619140625,-115.27570343017578125,anonymous,EN,0,0,20.654,0,1,10.612,10.612,13.356,1,4.431,32.313,107.179,2,271590,371590,450000,92,92,85,271590,281600,245000,95,93,90,53300,56000,59000,91,75,64,111.997,727.757,729.657,39,A3JTTI2OSCSK2I,29,2,,89156,Donald trump,5,5,1,english,2.385,111.266,113.497,17,1,1,4,4,7.883,23.48,25.005,4,4,4,2,2,2,2,4,9.45,37.431,39.189,8,6,6,6,5,6,6,6,6,3.949,23.077,25.258,8,4,1,2,2,2,2,6,7.096,37.196,39.259,9,2,100,91,90,84,90,81,99,7,288,4.544,284.429,291.013,26,3.699,62.028,64.15,14,12,100,1,5,4,4.147,4.147,5.555,1,10,1,5022
2020-04-25 13:51:10,2020-04-25 13:59:37,0,64.20.132.160,100,507,1,2020-04-25 13:59:38,R_20SrJokBaGFWDQf,,,,,32.3296966552734375,-80.84380340576171875,anonymous,EN,0,0,7.485,0,1,8.307,8.307,10.487,1,0,0,10.085,0,475000,600000,750000,50,50,49,750000,1000000,1300000,51,51,51,18000,25000,40000,51,50,50,28.052,190.547,191.649,31,A2L3X4ZZ0J2DZ2,51,1,,29909,Donald Trump,2,2,13,English,10.496,37.506,40.659,10,2,3,3,2,3.54,19.755,20.956,5,0,2,-3,0,0,1,1,7.043,44.8,46.424,12,4,4,5,5,5,5,1,5,2.561,40.181,41.463,9,4,3,4,3,4,3,6,4.18,23.068,24.789,8,2,2,1,0,71,90,97,98,5,50000,3.692,64.127,67.428,16,5.197,22.231,23.568,6,12,30,2,5,1,2.984,2.984,4.098,1,10,1,6893
2020-04-25 17:35:15,2020-04-25 17:54:05,0,89.187.175.43,100,1129,1,2020-04-25 17:54:06,R_pzJzDh6xVKdkSGZ,,,,,32.790802001953125,-96.8336029052734375,anonymous,EN,0,0,18.917,0,1,43.03,44.631,47.147,2,0,0,26.59,0,"512,645","867,973","1345,286",80,77,87,"38,000","54,342","63,432",81,85,86,16234,18975,24678,83,87,88,8.91,405.424,406.756,33,A2806GFD1HX002,59,2,,79009,donald trump,2,4,2,english,9.488,85.169,87.446,17,2,2,3,4,13.042,40.982,42.338,7,-4,4,-4,4,-4,-4,4,22.942,92.809,94.086,9,6,6,6,6,6,6,1,6,8.87,78.372,79.777,15,1,1,1,1,1,1,6,4.375,51.303,52.4,11,2,0,0,0,99,92,100,98,6,5%,7.511,144.456,146.528,24,3.498,51.27,53.167,12,12,42,2,5,1,9.124,9.124,10.589,1,10,1,4884
2020-04-26 05:55:34,2020-04-26 06:00:41,0,71.183.84.183,100,306,1,2020-04-26 06:00:41,R_1gAf805K0dXJKzj,,,,,40.98779296875,-73.86299896240234375,anonymous,EN,0,0,9.301,0,1,1.877,1.877,2.871,1,0,0,6,0,750000,1400000,1900000,29,18,9,2000000,3500000,6000000,19,11,5,15000,19000,23000,17,9,5,29.731,124.895,126.847,29,A2EED3HLTA96CP,44,1,,10014,trump,5,5,0,english,1.32,24.768,28.921,10,3,3,2,2,2.393,7.483,8.238,4,-4,-4,-4,-4,4,-2,-4,2.68,21.234,22.922,10,6,6,6,6,6,6,1,6,2.159,11.594,12.463,8,8,4,5,5,4,3,6,2.591,13.721,14.777,8,1,6,9,11,94,4,100,100,7,50000,2.428,28.379,32.753,11,4.25,17.667,19.323,6,6,56,2,3,1,2.779,2.779,3.848,1,10,1,7912
2020-04-26 07:12:56,2020-04-26 07:20:27,0,24.61.162.125,100,450,1,2020-04-26 07:20:28,R_1NgfCBB9fYKOdxL,,,,,43.160400390625,-71.41790008544921875,anonymous,EN,0,0,3.894,0,1,6.529,6.529,7.412,1,0,0,6.221,0,450000,550000,685000,68,58,48,1200000,1850000,2225000,24,28,25,20000,45000,100000,22,19,23,42.305,161.012,161.834,16,A2ZDXFFGSPHGBE,31,2,,03275,Donald Trump,5,5,2,English,1.058,32.846,37.799,11,1,1,2,2,3.025,10.716,13.857,4,-3,4,0,-4,4,-2,-4,4.187,23.086,24.702,7,5,6,6,5,6,6,1,6,73.486,84.977,85.73,9,3,6,5,5,1,6,6,3.976,14.37,15.528,7,2,13,10,0,92,62,62,65,7,30000,1.709,48.175,52.114,12,4.522,19.775,21.184,8,12,0,1,2,1,2.227,2.227,3.488,1,9,1,8993
2020-04-26 08:00:51,2020-04-26 08:07:18,0,67.223.0.174,100,386,1,2020-04-26 08:07:18,R_1rCClU8mpqQKP7P,,,,,36.568603515625,-82.1819000244140625,anonymous,EN,0,0,6.183,0,1,1.993,1.993,2.933,1,0,0,1.905,0,20000,25000,40000,25,28,29,100000,150000,225000,16,20,17,80000,95000,1300000,19,18,18,12.42,168.232,170.092,30,A84KYYIRZ3K00,38,2,,37620,donald trump,5,5,38,englsih,5.19,24.016,33.431,7,2,2,2,2,2.754,11.729,13.377,8,3,-1,-1,2,-1,1,1,1.565,29.723,31.068,18,3,3,4,4,4,4,4,4,1.618,20.634,22.14,14,4,4,5,3,2,4,6,1.308,9.822,11.86,13,2,20,32,13,78,46,52,56,5,10000,2.337,43.155,46.077,22,1.545,21.559,23.95,11,5,8,2,3,2,2.349,3.273,4.056,2,8,1,3913
2020-04-26 08:35:01,2020-04-26 08:41:23,0,76.251.82.75,100,381,1,2020-04-26 08:41:23,R_1qaJdKtjXFwrRup,,,,,33.9915924072265625,-83.89009857177734375,anonymous,EN,0,0,2.96,0,1,2.136,2.136,3.511,1,0,0,6.013,0,475000,565000,680000,40,32,25,3000000,4000000,5000000,10,10,10,19000,26000,34000,40,32,25,42.842,153.444,155.032,19,A2YACZQ29HF93N,40,2,,30019,Donald Trump,6,3,0,English,1.219,30.159,38.663,9,1,1,1,1,6.599,10.428,11.474,4,-3,3,1,-1,2,-2,-3,5.236,34.855,36.347,14,6,6,6,6,5,5,1,6,2.196,16.183,16.85,8,4,6,6,4,4,3,6,2.815,18.346,19.73,8,2,2,1,1,50,30,90,90,5,100000,1.672,39.058,48.31,21,5.578,18.534,19.514,5,12,5,2,4,1,2.209,2.209,3.546,1,10,1,9455
2020-04-26 11:10:54,2020-04-26 11:18:31,0,98.167.216.12,100,457,1,2020-04-26 11:18:32,R_Du7fsmYepoVxbHj,,,,,33.3321990966796875,-111.99420166015625,anonymous,EN,0,0,28.892,0,1,3.695,3.695,5.093,1,0,0,2.585,0,1301,9197,65211,66,83,86,1301,5200,45000,61,75,91,5000,6000,7500,67,54,80,42.386,138.427,139.575,22,A32S2LELUY8R6K,42,2,,91724,Donald Trump,5,5,1,"English ",2.999,113.502,121.84,20,4,2,3,2,2.033,6.223,7.285,4,2,2,3,2,3,1,3,3.156,12.799,15.084,7,4,3,5,4,5,3,4,5,2.024,10.364,12.212,8,5,3,5,4,3,5,6,2.467,7.066,9.017,7,1,71,55,72,54,65,46,61,4,100000,2.247,50.649,56.778,21,3.379,18.03,20.117,9,6,84,1,4,3,2.056,2.056,4.097,1,8,1,7960
2020-04-26 13:35:34,2020-04-26 13:39:47,0,45.16.2.23,100,253,1,2020-04-26 13:39:48,R_2ePcOQsOlVRWH6A,,,,,32.9474945068359375,-96.44069671630859375,anonymous,EN,0,0,5.508,0,1,0.661,2.147,2.725,3,0,0,0.895,0,54000,60000,65000,60,84,67,76000,80000,100000,78,91,93,80000,90000,10000,82,85,89,0.748,52.077,52.485,37,"A3VPD34C23PQTQ ",36,2,,75087,"Donald trump ",5,5,2,"English ",0.745,20.819,24.256,17,3,3,2,3,0.947,6.574,7.5,11,2,2,2,1,1,-3,1,0.685,5.055,5.848,12,4,3,4,5,4,3,4,4,0.723,5.002,5.612,13,5,4,3,5,4,5,6,24.056,27.645,28.314,11,2,15,0,1,75,37,73,82,4,30,1.452,13.681,17.052,21,1.701,15.975,16.431,25,3,70,2,3,3,11.851,11.851,12.236,1,9,1,3046
2020-04-26 19:10:41,2020-04-26 19:23:00,0,71.81.196.231,100,738,1,2020-04-26 19:23:01,R_1msgWIXfktk8kaM,,,,,35.539703369140625,-82.51509857177734375,anonymous,EN,0,0,11.855,0,1,1.213,6.419,7.781,3,25.384,25.384,30.699,1,475000,600000,900000,49,50,50,520000,650000,960000,51,50,50,24000,40000,60000,49,48,52,23.47,288.06,296.701,47,AJ8YRFXUNYNIH,61,1,,28805,Trump,5,1,1,english,1.825,56.234,57.319,21,1,1,3,3,4.888,18.768,19.761,7,-4,4,-4,4,4,-4,-4,18.701,84.812,85.813,24,6,6,6,6,6,6,1,6,6.795,50.601,51.501,13,2,2,2,2,5,2,6,9.175,39.574,40.859,10,2,20,18,9,100,82,100,100,7,6000000,2.418,62.052,62.653,21,2.421,39.034,39.081,11,4,8,2,2,1,3.689,3.689,4.656,1,10,1,1934
2020-04-27 05:17:46,2020-04-27 05:38:02,0,75.86.24.233,100,1216,1,2020-04-27 05:38:03,R_1oiooE2mW9cYfD7,,,,,43.0500946044921875,-87.9647979736328125,anonymous,EN,0,0,1.945,0,1,5.165,5.165,7.879,1,4.161,4.161,5.5,1,400000,500000,800000,100,100,100,500000,600000,1000000,100,100,100,15000,20000,40000,100,100,100,52.906,110.715,111.535,21,A1KXESMB9K7504,27,2,,53209,Donald Trump,5,5,1,English,3.391,18.205,114.432,10,3,1,1,1,242.975,248.478,249.329,4,-4,4,-4,-4,4,-4,-4,66.896,147.02,148.578,7,4,4,4,4,6,6,1,6,484.729,496.717,497.453,8,1,1,1,1,8,1,6,5.31,18.908,21.552,9,2,0,0,0,60,0,100,100,7,3000,3.971,22.171,28.391,11,2.042,13.293,13.786,5,3,0,2,5,1,2.251,2.251,4.792,1,10,1,3088
2020-04-27 05:36:36,2020-04-27 05:45:19,0,35.137.59.92,100,523,1,2020-04-27 05:45:20,R_3n2HqGQNrCMZ21D,,,,,27.9600067138671875,-82.46140289306640625,anonymous,EN,0,0,3.889,0,1,3.197,3.197,4.068,1,0,0,2.564,0,425652,452652,475986,69,60,54,425652,452652,475986,65,57,53,15356,21686,35986,50,42,41,4.074,370.403,371.64,25,A2U7BMG19Q83GE,42,2,,33602,Trump,6,5,0,english,4.346,21.713,25.353,9,2,2,2,2,2.932,9.419,10.226,4,4,4,1,-4,4,1,-4,2.746,16.977,17.886,9,5,5,5,5,5,5,4,4,1.808,9.176,10.334,8,5,8,8,8,1,1,6,3.441,13.097,13.911,7,2,29,22,15,85,81,91,89,6,750565,2.127,22.127,30.665,16,1.486,11.934,13.781,5,1,0,2,3,1,2.809,2.809,3.815,1,10,1,3559
2020-04-27 08:26:43,2020-04-27 08:32:03,0,76.10.38.86,100,320,1,2020-04-27 08:32:03,R_3n7XQDmdjqdWAtc,,,,,32.422698974609375,-85.07779693603515625,anonymous,EN,0,0,6.008,0,1,1.9,1.9,2.724,1,0,0,6.004,0,441560,595000,798000,42,44,52,565000,780000,1200000,48,48,48,16500,25000,38000,64,64,66,19.555,92.691,93.701,16,A22X6J5V33NZBM,27,2,,36869,Trump,5,3,0,English,5.679,22.639,26.9,8,1,1,2,1,2.604,13.403,14.419,7,-1,1,-4,1,1,4,-1,4.534,31.65,33.194,8,6,6,6,6,6,6,5,6,2.437,15.979,16.675,8,6,4,6,5,1,4,6,3.568,32.831,33.64,8,2,0,0,0,68,38,97,91,4,15000,3.646,40.022,40.775,14,2.676,16.835,17.548,5,8,72,2,5,2,11.055,11.055,11.674,1,10,1,7735
2020-04-27 09:03:20,2020-04-27 09:11:58,0,69.1.25.160,100,518,1,2020-04-27 09:11:59,R_2RVB3VBlnVKW5ij,,,,,34.709503173828125,-86.7360992431640625,anonymous,EN,0,0,2.216,0,1,1.876,1.996,2.859,2,0,0,50.189,0,450000,650000,850000,60,64,67,500000,700000,800000,54,57,60,15000,16000,17000,48,50,53,83.82,204.955,206.16,25,A38I0E8UK53ME5,33,1,,35758,Donald Trump,5,5,4,English,3.463,26.799,30.207,10,3,1,2,1,14.11,25.996,26.796,7,-1,4,0,-4,1,-3,-1,2.593,34.753,35.733,11,2,4,6,6,4,5,2,5,6.517,31.058,32.218,11,4,4,4,5,3,3,6,7.692,23.381,24.429,7,2,30,8,5,60,90,100,100,5,1000,1.962,47.795,62.181,16,3.846,23.578,24.77,9,12,0,2,2,1,2.75,2.75,3.441,1,10,1,9812
2020-04-27 09:18:20,2020-04-27 09:24:42,0,184.96.202.53,100,382,1,2020-04-27 09:24:43,R_3MfFGyf0iYctCCU,,,,,39.543701171875,-105.01360321044921875,anonymous,EN,0,0,3.205,0,1,1.846,1.846,2.475,1,0,0,2.698,0,500000,800000,1200000,20,7,2,1000000,2500000,4000000,9,7,5,15000,18000,20000,31,19,9,18.767,136.517,137.579,23,A2ZO7JHT7TO59V,31,1,,80524,Trump,6,4,0,English,5.157,23.415,26.238,10,1,1,2,1,3.131,10.364,10.962,6,-4,4,1,-4,0,-2,-4,6.165,25.527,26.618,7,4,3,3,2,4,5,4,4,3.286,30.035,30.862,8,6,4,4,5,3,3,6,6.653,20.207,20.981,7,2,8,1,0,60,25,90,90,7,18000,1.554,66.75,69.392,14,3.858,19.848,20.414,5,10,0,2,5,1,3.054,3.054,4.012,1,8,1,4526
2020-04-27 10:59:19,2020-04-27 11:05:36,0,76.180.96.207,100,377,1,2020-04-27 11:05:36,R_2PneokiqJ3pNbxk,,,,,42.8444061279296875,-78.81490325927734375,anonymous,EN,8.474,8.474,8.905,1,1,2.249,5.726,6.532,2,11.813,15.649,16.184,3,420000,550000,675000,50,35,20,600000,900000,125000,20,15,10,15000,19000,24000,45,35,25,35.331,121.375,123.304,15,AAR6MYZQ0EYMZ,38,2,,14201,Donald Trump,5,2,since birth,English,4.604,25.203,28.664,8,2,2,2,1,3.008,15.855,17.122,6,4,-1,-4,4,-4,3,3,3.917,23.256,25.095,8,6,6,6,6,6,6,1,6,2.15,14.559,15.183,8,4,3,3,5,2,6,6,4.661,21.446,22.116,7,1,1,0,0,90,44,85,80,1,30000,1.75,34.984,71.016,11,6.267,26.113,26.737,7,10,20,2,5,4,2.684,2.684,3.365,1,10,1,2403
2020-04-27 12:47:12,2020-04-27 12:53:13,0,50.83.76.155,100,360,1,2020-04-27 12:53:13,R_1QsmmY6yNTXHP3a,,,,,42.03729248046875,-93.60050201416015625,anonymous,EN,3.293,3.293,3.94,1,1,0.897,3.336,3.622,5,0.544,0.544,1.227,1,500000,700000,900000,64,43,58,450000,590000,650000,62,59,70,30000,50000,70000,67,62,53,0.923,139.285,140.018,82,AWKRAKM7BBQXZ,21,2,,50014,Donald Trump,4,4,0,English,0.942,36.687,39.403,21,1,1,2,2,2.455,12.841,13.47,10,0,1,-3,0,-1,3,0,1.037,33.6,34.495,24,6,6,6,6,4,6,1,6,4.117,23.393,23.89,15,4,2,2,3,2,3,6,1.614,20.194,20.728,10,2,25,12,7,52,32,81,41,6,50000,2.463,43.713,44.026,42,2.295,19.12,19.644,17,12,86,2,5,3,2.598,2.951,3.362,2,9,1,2567
2020-04-27 13:02:28,2020-04-27 13:07:37,0,74.89.174.10,100,308,1,2020-04-27 13:07:37,R_11ZzVCHzPs481UJ,,,,,40.6678924560546875,-74.1177978515625,anonymous,EN,0,0,4.638,0,1,2.382,2.382,3.512,1,0,0,5.22,0,400000,420000,450000,48,58,65,400000,420000,450000,49,46,49,12500,13000,14000,39,38,41,14.9,73.043,74.229,16,A2I9ZQITLUGSHF,53,1,,07102,President Donald Trump,5,2,1,english,11.608,39.72,42.814,11,2,2,2,1,4.213,10.525,11.439,4,-1,1,1,-2,-1,0,-1,3.899,21.539,22.85,8,3,2,3,3,4,4,3,4,2.018,11.954,12.756,8,4,4,3,4,3,4,6,1.536,7.392,9.09,9,1,1,2,1,52,53,84,83,5,unsure,2.745,28.217,31.781,12,40.844,74.323,75.013,6,3,43,2,3,3,2.585,2.585,3.717,1,10,1,1711
2020-04-27 19:30:08,2020-04-27 19:39:52,0,66.190.164.212,100,584,1,2020-04-27 19:39:52,R_27ewBkJBEbLGTd1,,,,,33.5814971923828125,-85.08029937744140625,anonymous,EN,0,0,12.2,0,1,7.018,14.291,16.568,3,0,0,9.867,0,"410,000","450,000","470,000",50,60,30,"450,000","500,000","525,000",70,60,40,"15,000","20,100","25,000",80,60,40,10.601,234.722,236.467,52,A9HVP2MLUH38A,28,1,,30179,Donald Trump,5,2,0,English,9.433,42.729,48.277,16,3,1,1,1,1.794,19.211,24.108,9,4,-4,-4,4,1,4,4,6.999,36.087,37.551,11,3,3,2,5,2,1,1,2,3.498,40.008,46.286,15,5,4,4,6,2,2,6,5.12,28.038,33.872,13,2,0,0,0,50,0,100,100,7,1000,2.484,63.401,71.125,27,1.669,24.04,28.494,13,1,0,2,4,3,3.283,4.219,5.57,2,10,1,7713
2020-04-28 06:13:16,2020-04-28 06:25:25,0,173.245.203.16,100,728,1,2020-04-28 06:25:25,R_3rYgAj5wCTUMrAN,,,,,39.01800537109375,-77.53900146484375,anonymous,EN,0,0,20.806,0,1,2.432,2.432,4.062,1,0,0,16.048,0,456000,500000,620000,62,63,64,500000,550000,650000,49,49,50,13000,13500,14000,49,49,51,102.01,252.023,254.656,15,A1QXBYE81CP9N9,34,1,,20146,Donald Trump,5,3,1,English,9.853,56.014,65.724,9,2,2,1,2,6.173,21.327,23.934,4,3,-2,2,2,-3,0,4,12.191,58.311,61.071,8,4,4,4,4,5,4,4,5,6.779,37.117,39.957,8,5,4,4,6,5,4,6,3.907,23.738,27.258,7,2,9,4,1,79,49,80,72,5,1000,3.163,52.939,66.779,11,33.921,76.448,77.846,5,12,19,2,3,3,6.721,6.721,9.455,1,10,1,4679
2020-04-28 07:21:00,2020-04-28 07:28:55,0,24.144.147.146,100,474,1,2020-04-28 07:28:56,R_3ps42eh2GOHORpe,,,,,41.0272064208984375,-80.751800537109375,anonymous,EN,0,0,4.172,0,1,5.562,5.562,7.022,1,0,0,9.176,0,450000,550000,630000,50,51,50,500000,620000,800000,51,52,52,18000,21000,35000,50,50,51,52.22,180.061,182.034,16,A371H3PQPR2Z8J,60,2,,44460,Donald Trump,3,5,2,English,1.379,37.691,48.201,11,3,2,1,1,3.158,13.357,15.985,5,0,-1,-4,4,-4,4,1,3.106,38.657,42.425,10,3,3,3,3,6,5,1,6,3.463,27.367,29.306,9,4,4,4,5,2,6,6,4.468,20.163,25.373,7,2,6,1,0,99,79,100,100,4,8000,1.809,47.601,58.125,13,3.165,26.325,28.607,5,2,1,2,5,3,1.961,1.961,3.497,1,10,1,4611
2020-04-28 11:44:20,2020-04-28 11:56:44,0,66.115.183.146,100,743,1,2020-04-28 11:56:45,R_2RaZX0gi4XtnreX,,,,,34.110992431640625,-84.30249786376953125,anonymous,EN,0,0,14.955,0,1,2.754,2.754,4.122,1,4.028,6.18,7.387,4,400543,429443,500034,49,52,69,700040,800000,800500,55,75,80,15667,16000,16800,49,67,88,35.487,201.895,202.788,31,A264ZZ6XZVJMGF,28,2,,30303,Donald Trump,5,4,3,"English ",23.3,81.1,87.295,19,1,1,1,1,3.178,14.209,15.013,9,3,4,-1,-4,-2,2,4,2.257,25.667,26.745,12,2,1,2,2,5,1,1,5,3.823,27.319,28.057,15,6,1,1,1,1,1,6,7.183,22.591,24.615,8,2,2,1,0,100,100,100,100,5,3200,1.719,83.485,93.563,23,2.189,17.917,22.792,10,12,1,2,5,4,2.035,2.107,3.211,2,10,1,7867
2020-04-28 12:47:54,2020-04-28 12:54:38,0,67.171.44.218,100,403,1,2020-04-28 12:54:38,R_3NJk1XCqZSSVcBP,,,,,47.3011932373046875,-122.20660400390625,anonymous,EN,0,0,6.15,0,1,0.97,2.884,3.654,3,0,0,3.972,0,800000,1500000,2200000,74,60,54,4000000,7500000,13000000,55,42,40,24000,40000,75000,76,61,49,1.957,183.901,185.171,96,A2IMAGGCST8170,28,1,,98001,Donald Trump,5,6,0,English,6.077,33.284,37.735,22,4,3,1,3,2.863,12.332,13.316,7,-4,4,-2,-4,4,-2,-4,2.013,23.645,24.786,20,6,6,6,6,6,5,5,6,1.851,13.779,14.773,14,3,5,4,2,6,3,6,4.469,16.401,17.392,12,2,28,1,0,94,16,95,94,7,40000,1.314,43.543,44.562,28,3.768,14.374,15.277,14,6,0,2,3,1,1.41,1.908,2.92,2,10,1,7502
2020-04-30 11:23:31,2020-04-30 11:41:14,0,162.251.221.196,100,1062,1,2020-04-30 11:41:15,R_TvzDhXnuHoSR4Zz,,,,,36.543792724609375,-86.02449798583984375,anonymous,EN,0,0,18.979,0,1,1.962,1.962,2.933,1,0,0,12.993,0,450000,500000,750000,74,66,62,750000,1000000,1500000,75,75,76,13000,15000,17000,69,23,23,31.638,109.177,110.534,19,A3O81LHBBI8NPK,36,1,,37203,Trump,3,2,0,English,4.028,22.185,32.333,8,3,3,2,2,7.538,15.376,16.78,4,0,2,-3,0,0,0,0,4.946,23.63,24.834,14,4,4,6,6,5,3,5,4,2.36,15.789,16.687,10,5,4,6,2,6,2,6,6.202,30.228,31.245,9,2,30,40,35,78,67,90,100,7,6500000,1.613,78.477,93.86,15,5.989,83.507,84.315,8,10,29,2,5,2,23.152,23.152,24.053,1,10,1,2099
2020-04-24 15:24:56,2020-04-24 15:25:30,0,69.151.220.81,13,33,0,2020-05-01 15:25:50,R_2c75qJiZLtJnm66,,,,,,,anonymous,EN,0,0,3.829,0,1,21.188,21.188,22.689,1,0,0,4.461,0,,,,,,,,,,,,,,,,,,,,,,,,,,,,,,,,,,,,,,,,,,,,,,,,,,,,,,,,,,,,,,,,,,,,,,,,,,,,,,,,,,,,,,,,,,,,,,,,,,,,,,,,,,,,4437
2020-04-24 15:26:12,2020-04-24 15:26:30,0,73.65.228.72,13,18,0,2020-05-01 15:26:45,R_3J9F6RUaUv8u9jZ,,,,,,,anonymous,EN,0,0,4.978,0,1,0.918,2.07,2.382,4,0,0,7.116,0,,,,,,,,,,,,,,,,,,,,,,,,,,,,,,,,,,,,,,,,,,,,,,,,,,,,,,,,,,,,,,,,,,,,,,,,,,,,,,,,,,,,,,,,,,,,,,,,,,,,,,,,,,,,6551
2020-04-24 15:27:24,2020-04-24 15:28:15,0,212.102.40.139,13,50,0,2020-05-01 15:28:16,R_2xORZ4taYx5NQJb,,,,,,,anonymous,EN,6.886,6.886,13.466,1,1,11.878,11.878,13.097,1,0,0,5.236,0,,,,,,,,,,,,,,,,,,,,,,,,,,,,,,,,,,,,,,,,,,,,,,,,,,,,,,,,,,,,,,,,,,,,,,,,,,,,,,,,,,,,,,,,,,,,,,,,,,,,,,,,,,,,7786
2020-04-24 15:31:58,2020-04-24 15:32:30,0,71.204.66.115,13,31,0,2020-05-01 15:32:34,R_2thWu5vCobN06i2,,,,,,,anonymous,EN,0,0,10.653,0,1,2.37,5.736,6.819,6,0,0,12.853,0,,,,,,,,,,,,,,,,,,,,,,,,,,,,,,,,,,,,,,,,,,,,,,,,,,,,,,,,,,,,,,,,,,,,,,,,,,,,,,,,,,,,,,,,,,,,,,,,,,,,,,,,,,,,2644
2020-04-24 15:30:38,2020-04-24 15:32:46,0,72.217.117.112,13,127,0,2020-05-01 15:32:47,R_2PzDonpdwAwCWb7,,,,,,,anonymous,EN,0,0,6.465,0,1,9.662,9.662,11.656,1,0,0,9.907,0,,,,,,,,,,,,,,,,,,,,,,,,,,,,,,,,,,,,,,,,,,,,,,,,,,,,,,,,,,,,,,,,,,,,,,,,,,,,,,,,,,,,,,,,,,,,,,,,,,,,,,,,,,,,4099
2020-04-24 15:43:51,2020-04-24 15:44:04,0,73.205.240.226,13,12,0,2020-05-01 15:44:06,R_2qEEprlWuZ61UEZ,,,,,,,anonymous,EN,0,0,3.739,0,1,1.813,1.813,2.401,1,0,0,5.359,0,,,,,,,,,,,,,,,,,,,,,,,,,,,,,,,,,,,,,,,,,,,,,,,,,,,,,,,,,,,,,,,,,,,,,,,,,,,,,,,,,,,,,,,,,,,,,,,,,,,,,,,,,,,,2659
2020-04-24 15:59:38,2020-04-24 16:01:55,0,66.176.215.114,13,137,0,2020-05-01 16:02:12,R_3kth44tXvKScbL0,,,,,,,anonymous,EN,0,0,128.839,0,1,2.923,2.923,3.587,1,0,0,2.48,0,,,,,,,,,,,,,,,,,,,,,,,,,,,,,,,,,,,,,,,,,,,,,,,,,,,,,,,,,,,,,,,,,,,,,,,,,,,,,,,,,,,,,,,,,,,,,,,,,,,,,,,,,,,,6057
2020-04-25 04:47:28,2020-04-25 04:48:05,0,202.50.52.100,13,36,0,2020-05-02 04:48:26,R_9AG2JVzdWQ8rfBn,,,,,,,anonymous,EN,0,0,7.436,0,1,5.525,5.525,9.257,1,0,0,8.209,0,,,,,,,,,,,,,,,,,,,,,,,,,,,,,,,,,,,,,,,,,,,,,,,,,,,,,,,,,,,,,,,,,,,,,,,,,,,,,,,,,,,,,,,,,,,,,,,,,,,,,,,,,,,,1143
